"country","iso2","year","g_whoregion","dc_shortform","dc_ppm_display","dc_engage_community_display","caseb_err_nat","ident_pris","newrel_prisoners","ident_zoonotic","zoonotic","disagg_zoonotic","m_bovis","m_orygis","m_caprae","m_pinnipedii","hcw_tb_infected","hcw_tot","igra_used","tst_used","tbst_used","m_wrd_tests_performed","m_wrd_tests_positive","dx_test_sites","smear","culture","m_wrd","m_inh","m_fq","dst_naat_pza","dst_moxlev","dst_bdq","dst_lzd","iso15189_accredited","qms_pending","lmis","m_wrd_etrans","plhiv_all_screen_data_available","plhiv_all","plhiv_all_screen","plhiv_new_screen_data_available","plhiv_new","plhiv_new_screen","prisoners_screen_data_available","prisoners","prisoners_screen","miners_screen_data_available","miners","miners_screen","district_description","district","district_cxr","district_wrd","phcf","phcf_wrd","presumptive","wrd_test_capacity","m_wrd_error_rate_lte_5pct","presumptive_wrd","district_monitor_pos_rate","m_wrd_tat_lt_48h","priv_new_dx","pub_new_dx","bmu","bmu_community_impl","community_data_available","bmu_ref_data","notified_ref","notified_ref_community","bmu_rxsupport_data","bmu_rxsupport_data_coh","rxsupport_community_coh","rxsupport_community_succ","community_nsp","community_prog_review","community_annual_report","community_manuals","community_budget_available","cf_community","annual_report_published","annual_report_url","ms_review","ms_review_civil_soc","min_agg_collab","min_def_collab","min_edu_collab","min_fin_collab","min_jus_collab","min_lab_collab","min_dev_collab","min_tra_collab","other_min_collab","social_protn","free_access_tbdx","free_access_tbtx","enable_tx_adherence","people_tx_enablers","gov_funding_tx_enablers","cash_trans","people_cash_trans","gov_funding_cash_trans","food_security","income_loss","other_social_protn","protect_employment","protect_housing","protect_parenting","protect_movement","protect_association"
"Afghanistan","AF",2023,EMR,0,1,1,0,1,131,0,,,,,,,,,0,1,0,110968,22458,872,872,5,105,8,8,0,0,0,0,0,0,0,0,,,,,,,,,,,,,,,,,,,,,,,,,5323,1087,872,872,1,872,49533,6964,872,52407,5647,5647,0,0,0,0,0,,1,"",0,,6,231,230,6,6,6,6,6,"",0,,,,,,,,,,,"",0,0,0,0,0
"Albania","AL",2023,EUR,1,0,0,42,1,1,3,,,,,,,,,1,1,0,1268,114,,12,1,1,1,1,1,0,0,0,0,0,0,1,,,,,,,,,,,,,,,,,,,,,,,,,,,,,,,,,,,,,,,,,,,0,"",1,1,6,231,231,231,231,231,231,6,"",1,1,1,3,,,3,,,0,3,"",1,0,1,3,3
"Algeria","DZ",2023,AFR,0,0,0,42,0,,0,,,,,,,167,,1,1,0,46,10,450,247,31,1,1,1,0,1,0,0,,,0,1,,,,,,,,,,,,,,,,,,,,,,,,,,,,,,,,,,,,,,,,,,,1,"",0,,231,232,231,232,231,231,231,230,"",1,1,1,1,,0,0,,,0,0,"",0,0,0,1,1
"American Samoa","AS",2023,WPR,1,0,0,,,,,,,,,,,,,,,,,,,,,,,,,,,,,,,,,,,,,,,,,,,,,,,,,,,,,,,,,,,,,,,,,,,,,,,,,,,"",,,,,,,,,,,"",,,,,,,,,,,,"",,,,,
"Andorra","AD",2023,EUR,1,0,0,42,1,0,0,,,,,,,,,1,1,3,4,0,7,7,7,3,4,1,3,1,,,1,,1,1,,,,,,,,,,,,,,,,,,,,,,,,,,,,,,,,,,,,,,,,,,,1,"",0,,7,7,7,7,7,7,7,7,"",1,1,1,1,0,3,0,,,3,3,"",1,1,1,1,1
"Angola","AO",2023,AFR,0,1,1,0,1,546,0,,,,,,,791,94848,0,1,0,10139,2413,185,185,1,65,0,0,0,0,0,0,0,2,0,0,0,,,0,,,1,24320,608,0,,,Municipio,164,157,157,2822,165,98768,10345,61,608,157,61,2360,608,157,26,1,22,15007,3260,22,15283,12026,11743,1,1,0,0,1,157035,1,"",0,,6,231,6,231,6,6,6,6,"",1,1,1,0,,,3,,,3,3,"",3,1,3,1,1
"Anguilla","AI",2023,AMR,1,0,0,,,,,,,,,,,,,,,,,,,,,,,,,,,,,,,,,,,,,,,,,,,,,,,,,,,,,,,,,,,,,,,,,,,,,,,,,,,"",,,,,,,,,,,"",,,,,,,,,,,,"",,,,,
"Antigua and Barbuda","AG",2023,AMR,1,0,0,42,1,0,0,,,,,,,,,,1,,,0,1,1,0,1,0,0,0,0,0,0,1,,0,0,,,,,,,,,,,,,,,,,,,,,,,,,,,,,,,,,,,,,,,,,,,0,"",0,,6,231,6,232,6,6,6,6,"The Department of Immigration will cooperate with the Department of Health to have persons tracked",0,,,,,,,,,,,"",1,1,1,0,0
"Argentina","AR",2023,AMR,0,0,1,42,1,591,1,48,1,48,,,,30,996000,0,1,0,20020,3769,593,592,113,21,21,9,0,3,1,2,1,0,360,0,0,,,0,,,0,,,0,,,Provincia,24,24,13,,,65000,57000,21,20020,,8,,,0,0,0,,,,,,,,1,2,1,,0,,1,"https://bancos.salud.gob.ar/recurso/boletin-ndeg-7-tuberculosis-y-lepra-en-la-argentina
",1,1,,,,,230,,,,"",0,,,,,,,,,,,"",0,0,0,1,1
"Armenia","AM",2023,EUR,0,0,1,42,1,2,0,,,,,,,,,1,1,0,4268,286,13,13,1,11,1,1,1,1,1,1,0,1,0,0,,,,,,,,,,,,,,,,,,,,,,,,,,,56,37,1,0,327,0,16,25,25,22,2,1,0,0,0,,1,"",1,1,6,6,230,231,231,6,232,6,"",1,1,1,1,430,1,3,,,3,3,"",1,1,1,1,1
"Aruba","AW",2023,AMR,1,0,0,,,,,,,,,,,,,,,,,,,,,,,,,,,,,,,,,,,,,,,,,,,,,,,,,,,,,,,,,,,,,,,,,,,,,,,,,,,"",,,,,,,,,,,"",,,,,,,,,,,,"",,,,,
"Australia","AU",2023,WPR,1,0,0,42,1,9,1,7,1,7,0,0,0,,,,,,,,,,,,,,,,,,,,,,,,,,,,,,,,,,,,,,,,,,,,,,,,,,,,,,,,,,,,,,,,1,"https://www1.health.gov.au/internet/main/publishing.nsf/Content/cda-pubs-annlrpt-tbannrep.htm",1,1,7,7,231,232,7,7,231,7,"",1,1,1,1,,1,0,,,3,3,"",1,1,1,1,1
"Austria","AT",2023,EUR,1,0,0,,,,1,,1,2,,1,,,,,,,,,,,,,,,,,,,,,,,,,,,,,,,,,,,,,,,,,,,,,,,,,,,,,,,,,,,,,,,,,,"",,,,,,,,,,,"",,,,,,,,,,,,"",,,,,
"Azerbaijan","AZ",2023,EUR,0,0,1,44,1,162,0,,,,,,,0,,0,1,0,28242,5088,23,23,7,16,7,6,2,2,2,2,0,0,0,16,1,7452,7452,1,863,863,1,26072,26072,0,,,Region (rayon),68,68,68,2834,2834,19026,40158,16,19026,,,,,68,6,1,6,,,,,,,1,1,1,1,0,,1,"https://worldhealthorg.shinyapps.io/tb_profiles/?_inputs_&entity_type=%22country%22&iso2=%22AZ%22&lan=%22EN%22",1,1,7,7,230,230,231,230,230,7,"The Parliament, the Cabinet of Ministers",1,1,1,1,3965,1,1,0,1,1,1,"",1,1,0,0,0
"Bahamas","BS",2023,AMR,1,0,0,42,1,2,3,,,,,,,,,1,1,1,30,6,2,2,2,2,2,0,2,1,0,0,2,0,2,2,,,,,,,,,,,,,,,,,,,,,,,,,,,,,,,,,,,,,,,,,,,1,"https://www.who.int/teams/global-tuberculosis-programme/tb-reports/global-tuberculosis-report-2023",0,,6,231,230,6,6,6,230,6,"",1,1,1,1,27,1,0,,,1,0,"",1,1,1,1,1
"Bahrain","BH",2023,EMR,1,0,0,42,1,5,1,1,1,1,0,0,0,,,,,,,,,,,,,,,,,,,,,,,,,,,,,,,,,,,,,,,,,,,,,,,,,,,,,,,,,,,,,,,,0,"",1,0,7,230,230,,,,,,"",1,1,1,3,,,0,,,3,3,"",1,1,1,1,1
"Bangladesh","BD",2023,SEA,0,1,1,42,1,378,0,,,,,,,,,1,1,0,841765,124921,1182,1111,6,520,8,8,0,3,2,2,0,3,488,482,1,6703,5931,1,1276,1276,1,84851,6832,0,,,Upazila>District>Division>National,64,64,64,16247,16247,3889358,1548288,196,761019,64,,64704,75938,871,806,1,806,299290,180869,785,260610,144003,139025,1,1,0,0,1,306584,1,"-",1,1,6,231,6,231,6,6,231,6,"N/A",1,1,1,1,89125,1,1,5648,0,1,1,"N/A",1,1,1,1,1
"Barbados","BB",2023,AMR,1,0,0,42,0,,0,,,,,,,,,0,1,0,,2,1,1,1,1,1,1,1,1,1,1,1,0,1,1,,,,,,,,,,,,,,,,,,,,,,,,,,,,,,,,,,,,,,,,,,,1,"yearly Chief Medical Officer, Ministry of Health & Wellness report",0,,231,6,230,6,6,6,6,6,"",1,1,1,0,,,0,,,1,0,"",0,0,0,0,0
"Belarus","BY",2023,EUR,0,0,1,42,1,31,3,,,,,,,22,180000,1,1,1,36079,2132,80,61,11,43,8,8,8,8,1,8,1,0,41,0,0,,,0,,,0,,,0,,,район,118,118,118,,,,,40,,43,43,,,8,8,0,,,,,,,,2,2,2,2,0,,1,"не публикуется онлайн",0,,6,6,6,232,230,232,232,6,"n\a",1,1,1,1,,1,0,,,1,0,"",3,0,0,0,3
"Belgium","BE",2023,EUR,1,0,0,42,1,,1,,1,3,,0,,,,1,1,3,,,,,80,,1,1,8,1,1,,,,89,,,,,,,,,,,,,,,,,,,,,,,,,,,,,,,,,,,,,,,,,,,,1,"https://www.fares.be/tuberculose/publications/rapports-epidemiologiques",0,,,,,,,,,,"",1,1,1,1,,1,0,,,1,0,"",3,0,0,0,0
"Belize","BZ",2023,AMR,0,0,1,42,1,3,0,,,,,,,,,0,1,0,1045,106,8,7,0,8,6,0,0,0,0,0,0,1,8,8,1,,,1,,,0,,,0,,,district,6,,,,,,,,,6,7,,,,,0,,,,,,,,2,2,0,3,0,,0,"",1,1,6,231,230,231,6,230,232,6,"",0,,,,,,,,,,,"",0,0,0,0,0
"Benin","BJ",2023,AFR,0,0,0,0,1,94,0,,,,,,,,,,1,,25863,2763,97,93,1,31,1,1,1,1,1,1,1,1,2,29,,,,,,,,,,,,,,,,,,,,,,,,,,,,,,,,,,,,,,,,,,,1,"",1,1,230,231,230,232,231,230,232,230,"",1,1,1,1,4351,0,0,,,1,1,"",0,0,0,0,0
"Bermuda","BM",2023,AMR,1,0,0,42,1,0,0,,,,,,,,,1,1,0,0,0,1,1,1,0,0,0,0,0,0,0,1,0,1,0,,,,,,,,,,,,,,,,,,,,,,,,,,,,,,,,,,,,,,,,,,,0,"",0,,6,6,6,6,6,6,6,6,"Collaboration with Immigration on entry of work permit holders from high TB endemic countries.",1,1,1,1,2,1,0,,,1,1,"",3,3,3,3,3
"Bhutan","BT",2023,SEA,0,0,0,42,0,,0,,,,,,,3,3100,0,1,0,13570,638,46,46,1,14,2,2,0,0,0,0,0,1,46,13,,,,,,,,,,,,,,,,,,,,,,,,,,,,,,,,,,,,,,,,,,,1,"",1,0,6,6,230,232,6,231,6,6,"",0,,,,,,,,,,,"",1,0,0,0,0
"Bolivia (Plurinational State of)","BO",2023,AMR,0,0,1,43,1,612,0,,,,,,,96,,0,0,0,26188,7715,739,718,104,21,3,1,0,1,0,0,0,1,0,0,1,,,,,,1,27393,2075,0,,,Coordinación de Red de Salud,110,,,,,,,,,,,,,,,0,,,,,,,,1,1,0,0,0,,0,"",0,,6,231,7,6,6,6,6,6,"",0,,,,,,,,,,,"",0,0,0,1,1
"Bosnia and Herzegovina","BA",2023,EUR,0,0,0,42,0,,0,,,,,,,,,1,0,0,10,0,22,22,20,2,5,0,6,0,0,0,0,1,1,2,,,,,,,,,,,,,,,,,,,,,,,,,,,,,,,,,,,,,,,,,,,0,"",0,,,,,,,,,,"Answer (NO) provided in 5.1, 5.2 and 5.3 refers to BD BiH only.",1,1,1,1,,3,3,,,3,3,"Answer to question 5.13. and to related sub-questions was provided by BD BiH only.
Answer to questions from 5.14 to 5.18 was provided by BD BiH only.",3,3,3,3,3
"Botswana","BW",2023,AFR,0,0,1,42,0,,0,,,,,,,8,,0,0,0,20044,716,42,42,1,42,1,1,1,0,0,0,1,41,42,42,,,,,,,,,,,,,,,,,,,,,,,,,,,,,0,,,,,,,,1,1,1,1,0,,0,"",1,1,6,230,230,230,230,230,230,230,"",1,1,1,3,,,3,,,1,3,"",1,3,1,1,1
"Brazil","BR",2023,AMR,0,0,1,42,1,9147,0,,,,,,,1320,,1,1,0,677570,71036,1712,1650,386,258,49,13,18,8,3,3,4,6,685,258,0,,,0,,,0,,,0,,,Municipality,5570,,5570,56275,,,1251840,16,,,,,,5570,5570,0,,,,,,,,2,1,0,1,1,487469,1,"https://www.gov.br/saude/pt-br/assuntos/saude-de-a-a-z/t/tuberculose/situacao-epidemiologica/boletim-epidemiologico-numero-especial-marco-2024",1,1,6,231,230,6,231,230,230,6,"",1,1,1,0,,,1,9110,1,1,1,"",1,1,1,1,1
"British Virgin Islands","VG",2023,AMR,1,0,0,42,1,0,0,,,,,,,,,0,0,0,,,,,,,,,,,,,,,,,,,,,,,,,,,,,,,,,,,,,,,,,,,,,,,,,,,,,,,,,,,0,"",0,,6,230,6,6,6,230,232,6,"",0,,,,,,,,,,,"",1,1,1,1,1
"Brunei Darussalam","BN",2023,WPR,0,0,0,42,1,1,0,,,,,,,3,,1,1,0,,,1,1,1,0,1,1,1,0,0,0,0,1,1,0,,,,,,,,,,,,,,,,,,,,,,,,,,,,,,,,,,,,,,,,,,,1,"",1,0,6,6,6,232,6,231,232,6,"",0,,,,,,,,,,,"",3,0,0,3,3
"Bulgaria","BG",2023,EUR,0,0,1,42,1,3,0,,,,,,,,,1,1,0,227,182,33,33,30,7,4,1,4,1,1,1,,,33,7,,,,,,,,,,,,,,,,,,,,,,,,,,,30,10,0,,,,,,,,0,1,0,0,1,31111,1,"https://www.mh.government.bg/media/filer_public/2024/03/26/otchet_mz_programen_31122023.pdf",1,1,6,6,6,6,231,6,232,6,"",1,1,1,1,234,0,0,,,0,1,"",0,0,0,0,0
"Burkina Faso","BF",2023,AFR,0,0,1,44,1,72,0,,,,,,,38,,0,0,0,5737,4052,105,105,1,51,51,1,0,0,0,0,0,1,0,0,,,,,,,,,,,,,,,,,,,,,,,,,,,110,110,1,110,8667,1146,110,7320,2337,1822,1,1,1,1,0,,1,"",0,,6,231,230,230,231,230,230,6,"",1,1,1,1,114,0,1,114,0,1,0,"Les mesures de soutien social tels que le support alimentaire et le remboursement de frais de transport pour le TDO sont octroyés aux patients TB-MR/RR et une partie de patients TB/VIH",1,1,1,1,1
"Burundi","BI",2023,AFR,0,0,1,42,1,27,0,,,,,,,,,0,0,0,11352,2302,224,224,1,61,1,1,0,1,0,0,0,12,224,61,,,,,,,,,,,,,,,,,,,,,,,,,,,18,18,1,18,7948,438,18,7587,287,269,1,1,1,1,1,54515,0,"",0,,6,231,230,230,6,6,230,6,"Le nouveau Plan Stratégique TB 2023-2027 compte mettre en place un cadre multisectoriel de lutte contre la tuberculose",1,1,1,1,7948,1,1,50,0,0,0,"Le soutien médical, psychologique et financier est spécialement donné aux malades TB/MR",0,0,0,1,1
"Cabo Verde","CV",2023,AFR,0,0,0,42,0,,0,,,,,,,0,4289,0,1,0,1018,100,29,29,0,7,1,1,0,0,0,0,0,28,29,0,,,,,,,,,,,,,,,,,,,,,,,,,,,,,,,,,,,,,,,,,,,0,"",1,1,6,6,6,231,6,6,6,6,"",1,1,1,1,197,0,0,,,1,0,"",1,1,1,1,1
"Cambodia","KH",2023,WPR,0,1,1,42,1,149,3,,,,,,,,,0,0,0,116393,14776,222,220,5,116,5,5,,,,,,,102,,0,,,0,,,1,,1133,0,,,Operational District (OD),103,95,,,,,,,,,,3154,,103,89,1,89,29104,11703,,,,,1,1,2,1,1,700000,1,"",1,1,6,231,230,230,6,230,230,6,"",1,3,1,3,,,3,,,3,3,"",3,3,3,3,3
"Cameroon","CM",2023,AFR,0,0,1,44,1,716,0,,,,,,,95,74660,1,1,1,71493,5174,349,349,2,98,0,0,0,2,0,0,2,0,2,27,,,,,,,,,,,,,,,,,,,,,,,,,,,347,103,1,103,14977,2447,88,1308,982,957,1,1,1,1,1,557202,1,"www.pnlt.cm",1,1,6,231,230,232,231,6,7,230,"",1,1,1,1,,1,1,181,1,3,0,"",1,3,1,1,1
"Canada","CA",2023,AMR,1,0,0,42,1,12,1,30,0,,,,,,,3,3,3,,,,,,,,,,,,,,,,,,,,,,,,,,,,,,,,,,,,,,,,,,,,,,,,,,,,,,,,,,,1,"https://www.canada.ca/en/public-health/services/diseases/tuberculosis/surveillance.html",0,,6,6,6,6,6,6,6,6,"IRCC (Immigration, Refugees, and Citizenship Canada) and ISC (Indigenous Services Canada) are ministries that contribute to the TB response.",0,,,,,,,,,,,"",3,3,3,3,3
"Cayman Islands","KY",2023,AMR,1,0,0,0,1,0,0,,,,,,,,,1,1,1,0,0,3,3,1,2,1,1,1,1,1,1,2,1,3,2,,,,,,,,,,,,,,,,,,,,,,,,,,,,,,,,,,,,,,,,,,,0,"",1,0,230,230,230,230,6,6,230,6,"",1,1,1,1,3,1,0,,,1,1,"employers are asked to assist with continued salary and benefits, and where possible with providing nutrition as well. The cost of treatment is provided by the government if the patient is insured or not. Enabling equal access to all.",1,1,1,1,1
"Central African Republic","CF",2023,AFR,0,0,1,44,1,106,0,,,,,,,1,3300,0,0,0,10340,1327,87,87,1,43,1,1,0,0,0,0,0,1,5,5,0,,,1,7400,2378,1,1650,1300,0,,,Distric sanitaire,35,3,35,1024,21,147820,10340,43,10340,22,43,,,35,35,1,35,14782,1358,3,7051,125,102,1,1,1,1,1,200000,0,"",1,1,6,231,231,230,231,231,231,6,"",0,,,,,,,,,,,"",1,1,1,1,1
"Chad","TD",2023,AFR,0,0,0,43,1,175,0,,,,,,,0,879,0,0,0,31299,7269,116,116,0,42,1,1,1,1,0,1,0,1,0,0,,,,,,,,,,,,,,,,,,,,,,,,,,,,,,,,,,,,,,,,,,,1,"",0,,6,231,6,6,231,6,6,6,"",1,1,1,1,,1,0,,,0,0,"",3,3,0,1,1
"Chile","CL",2023,AMR,0,0,1,42,1,173,1,8,1,8,,,,32,470000,1,1,0,112439,3126,115,106,50,55,22,16,0,1,1,1,1,0,115,0,0,,,0,,,0,,,0,,,Servicio de Salud,29,0,,2070,1800,117708,242048,53,82211,,55,,,29,0,0,,,,,,,,0,0,0,0,0,,1,"https://diprece.minsal.cl/programas-de-salud/programas-enfermedades-transmisibles/informacion-al-profesional-tuberculosis/",0,,6,6,230,6,231,6,6,6,"",1,1,1,1,,1,0,,,0,0,"",0,0,0,0,0
"China","CN",2023,WPR,0,0,1,42,0,,0,,,,,,,2568,14410844,1,1,1,917061,274114,2879,2860,2685,2612,387,209,44,549,71,71,1,20,,,0,,,1,,,0,,,0,,,district,2852,2852,,,,,,,,,,,,,,0,,,,,,,,1,1,2,2,0,,1,"",1,1,230,230,230,231,230,232,232,230,"",1,1,1,1,,0,1,,1,1,1,"",1,1,1,1,1
"China, Hong Kong SAR","HK",2023,WPR,1,0,0,42,1,14,0,,,,,,,,,,,,,,,,,,,,,,,,,,,,,,,,,,,,,,,,,,,,,,,,,,,,,,,,,,,,,,,,,,,,,,1,"https://www.info.gov.hk/tb_chest/en/contents/c56.htm",0,,6,7,230,231,231,230,232,6,"For 5.5: Hong Kong is a special administrative region of China and there is no Ministry of Defence which is at a country level.",1,1,1,1,,1,3,,,1,0,"For 5.13.3a, The number of people started on TB treatment in 2023 who were provided with enablers to adhere to TB treatment is not available.",1,1,1,1,1
"China, Macao SAR","MO",2023,WPR,1,0,0,42,1,3,3,,,,,,,,,,,,,,,,,,,,,,,,,,,,,,,,,,,,,,,,,,,,,,,,,,,,,,,,,,,,,,,,,,,,,,0,"",1,0,7,7,7,7,7,7,7,7,"",1,1,1,1,,1,0,,,0,1,"",0,0,0,0,1
"Colombia","CO",2023,AMR,0,0,1,42,1,1285,0,,,,,,,276,725000,1,1,3,93595,12668,2003,2003,98,112,68,20,1,2,1,2,0,1,112,,0,,,1,21240,21200,1,101622,15500,0,,,Departamento y Distrito,38,36,38,,,260837,93595,,93595,35,85,,,38,38,1,38,355,355,35,317,317,205,1,1,0,1,1,250000,1,"https://www.minsalud.gov.co/sites/rid/Lists/BibliotecaDigital/RIDE/VS/PP/ET/informe-tuberculosis-2022-colombia.pdf",0,,6,6,230,6,231,6,6,6,"En 2023 se estableció un frente Parlamentario con el cual se formulo el proyecto de ley 295 de 2023 que fue aprobado en segundo debate, con participación de las OBC, sociedad civil, OPS que integra la creación Consejo Intersectorial Nacional y subna",1,1,1,1,1522,1,1,147,0,0,0,"",1,1,1,1,1
"Comoros","KM",2023,AFR,1,0,0,44,0,,0,,,,,,,,,,,,,,,,,,,,,,,,,,,,,,,,,,,,,,,,,,,,,,,,,,,,,,,,,,,,,,,,,,,,,,1,"le rapport est disponible mais nous ne pouvons plus fournir un lien mais plutôt le fichier est disponible en Word",0,,230,230,230,,230,230,230,230,"",0,,,,,,,,,,,"",0,0,,0,0
"Congo","CG",2023,AFR,0,0,1,0,1,6,0,,,,,,,,,0,0,0,19215,5914,103,103,0,22,8,8,0,0,0,0,0,2,0,0,1,38098,10353,1,4183,2011,1,1388,50,0,,,District sanitaire,52,20,52,344,38,25609,19215,15,19215,10,22,,,103,14,1,14,208,208,14,13855,395,319,1,1,0,1,0,,1,"",1,1,6,6,6,230,231,6,6,6,"",0,,,,,,,,,,,"",0,0,0,1,1
"Cook Islands","CK",2023,WPR,1,0,0,42,1,0,0,,,,,,,,,,,,,,,,,,,,,,,,,,,,,,,,,,,,,,,,,,,,,,,,,,,,,,,,,,,,,,,,,,,,,,0,"",0,,6,6,230,230,230,6,6,6,"Although there is no annual public reporting of TB due to low numbers, data is released to the public through the WOrld TB Day news release. 

Stakeholder engagement only happens in times of an outbreak",0,,,,,,,,,,,"",1,1,1,1,1
"Costa Rica","CR",2023,AMR,0,0,1,42,1,28,0,,,,,,,4,97300,1,1,0,7738,236,120,120,24,30,1,1,1,1,1,1,1,7,120,30,0,,,0,,,1,15120,1002,0,,,cantones,82,0,82,104,104,,8000,29,,82,,,,104,0,0,,,,,,,,1,0,0,0,0,,1,"",1,0,6,6,6,6,231,6,232,6,"SENASA: Salud Animal
CCSS: Caja Costarricense de Seguro Social",0,,,,,,,,,,,"",1,0,1,1,1
"Côte d'Ivoire","CI",2023,AFR,0,0,1,44,1,319,0,,,,,,,77,,0,1,0,61424,12325,317,317,2,43,2,2,0,2,1,1,1,1,2,0,,,,,,,,,,,,,,,,,,,,,,,,,,,368,368,1,368,21848,8577,368,22190,19503,16854,2,2,1,1,0,,1,"",1,1,6,231,231,231,231,6,6,6,"",1,1,1,3,,,1,411,0,1,0,"",3,3,3,3,3
"Croatia","HR",2023,EUR,1,0,0,,,,0,,,,,,,,,,,,,,,,,,,,,,,,,,,,,,,,,,,,,,,,,,,,,,,,,,,,,,,,,,,,,,,,,,,,,,,"",,,,,,,,,,,"",,,,,,,,,,,,"",,,,,
"Cuba","CU",2023,AMR,0,0,1,42,1,93,0,,,,,,,26,464118,0,1,0,1354,246,395,359,31,5,1,1,,1,,,,,,,1,32769,623,1,1942,,1,,1225,0,,,municipio,168,,,,,,,,,,,,,168,168,0,,,,,,,,1,1,1,1,0,,0,"",1,1,232,231,230,232,232,232,232,232,"",1,1,1,1,777,1,3,,,1,1,"",1,1,1,1,1
"Curaçao","CW",2023,AMR,1,0,0,,,,,,,,,,,,,,,,,,,,,,,,,,,,,,,,,,,,,,,,,,,,,,,,,,,,,,,,,,,,,,,,,,,,,,,,,,,"",,,,,,,,,,,"",,,,,,,,,,,,"",,,,,
"Cyprus","CY",2023,EUR,1,0,0,,,,0,,,,,,,,,,,,,,,,,,,,,,,,,,,,,,,,,,,,,,,,,,,,,,,,,,,,,,,,,,,,,,,,,,,,,,,"",,,,,,,,,,,"",,,,,,,,,,,,"",,,,,
"Czechia","CZ",2023,EUR,1,0,0,42,1,9,0,,,,,,,,,1,1,0,,,37,37,37,,,,11,,1,,37,0,,,,,,,,,,,,,,,,,,,,,,,,,,,,,,,,,,,,,,,,,,,,,1,"https://www.uzis.cz/res/f/008441/tbc2022-cz.pdf",0,,6,6,230,6,231,232,232,6,"",0,,,,,,,,,,,"",1,1,1,1,1
"Democratic People's Republic of Korea","KP",2023,SEA,0,0,1,42,,,0,,,,,,,,,0,1,0,0,0,363,363,2,0,0,0,0,0,0,0,0,1,0,0,0,,,0,,,0,,,0,,,City/county/district,212,212,,,,,,,,,,,,,,0,,,,,,,,0,3,0,0,0,,1,"NA",1,1,232,7,230,232,232,232,232,232,"",1,1,1,1,,1,0,,,1,1,"",1,1,1,1,1
"Democratic Republic of the Congo","CD",2023,AFR,0,1,1,0,1,2511,0,,,,,,,4,,0,0,0,136039,38997,2251,2249,4,409,129,129,0,1,0,0,0,10,1,1,1,444592,16002,1,83436,16002,1,35109,2511,0,,,Zone de Santé,519,82,301,16032,232,905157,668160,138,136039,232,120,,,519,500,1,500,252183,93120,500,73797,72378,71988,1,1,1,1,1,1186967,0,"",0,,6,6,6,6,6,6,6,6,"",0,,,,,,,,,,,"",0,0,0,0,0
"Denmark","DK",2023,EUR,1,0,0,,,,1,,1,1,,0,,,,,,,,,,,,,,,,,,,,,,,,,,,,,,,,,,,,,,,,,,,,,,,,,,,,,,,,,,,,,,,,,,"",,,,,,,,,,,"",,,,,,,,,,,,"",,,,,
"Djibouti","DJ",2023,EMR,0,0,0,,,,,,,,,,,,,,,,,,,,,,,,,,,,,,,,,,,,,,,,,,,,,,,,,,,,,,,,,,,,,,,,,,,,,,,,,,,"",,,,,,,,,,,"",,,,,,,,,,,,"",,,,,
"Dominica","DM",2023,AMR,1,0,0,0,0,,0,,,,,,,,,0,1,0,5,4,1,1,0,1,0,0,0,0,0,0,0,1,1,0,,,,,,,,,,,,,,,,,,,,,,,,,,,,,,,,,,,,,,,,,,,0,"",0,,6,6,6,6,6,6,6,6,"",0,,,,,,,,,,,"",1,1,1,1,1
"Dominican Republic","DO",2023,AMR,0,0,1,42,1,433,0,,,,,,,72,,1,0,0,30904,2815,122,122,16,32,89,89,0,59,59,59,0,1,32,30,1,10649,3676,1,2222,1878,1,27300,3105,0,,,Direcciones Provinciales o de Areas Salud DPS/DAS,40,40,40,1600,1600,35010,2,32,30904,40,30,,,1600,435,1,4,1022,1022,337,1019,1019,761,1,1,1,1,1,34000,1,"El informe correspondiente al 2022, todavía no se encuentra en el repositorio del MISPAS.",1,1,231,231,230,232,231,7,232,7,"También contamos con la colaboración de las siguientes instancias en el marco de la rendición de cuentas multisectorial: 
- Ministerio de hacienda / MEPYD / SISALRIL /CNSS/ SENASA
- Ministerio de trabajo/ Ministerio de Turismo
",1,1,1,1,1392,1,1,149,1,1,1,"",0,0,0,0,0
"Ecuador","EC",2023,AMR,0,0,1,44,1,695,1,1,1,0,0,0,1,24,91722,1,1,0,36055,6332,258,251,23,44,26,26,1,1,0,0,0,0,100,35,1,37023,8107,1,4126,2408,1,32737,6214,0,,,Distrito,99,1,0,1962,1929,75686,279360,42,29949,99,35,,,1962,,0,,,,,,,,0,0,0,0,0,,1,"https://www.salud.gob.ec/estrategia-de-tuberculosis-y-lepra/

https://www.salud.gob.ec/wp-content/uploads/2023/10/Reporte-de-TB-2019-2022-vd-signed-signed-signed-signed-signed.pdf",1,1,6,231,6,6,6,6,6,6,"",0,,,,,,,,,,,"",0,0,0,0,0
"Egypt","EG",2023,EMR,0,1,0,44,1,440,0,,,,,,,0,602500,1,1,0,5563,4955,171,163,18,48,21,21,1,1,1,1,0,5,0,0,,,,,,,,,,,,,,,,,,,,,,,,,0,1321,,,,,,,,,,,,,,,,,1,"",0,,231,231,231,231,231,231,231,231,"",1,1,1,0,,,0,,,1,1,"",1,1,1,1,1
"El Salvador","SV",2023,AMR,0,0,1,44,1,,0,,,,,,,22,,0,1,0,36516,3736,223,223,13,15,2,2,0,1,0,0,0,0,223,15,1,20589,11780,1,949,717,,,,0,,,Sistema Básico de Salud Integral (SIBASI),17,10,17,727,727,83518,100000,15,27725,17,13,,,17,17,1,17,4265,178,17,2517,,351,1,1,0,0,0,,1,"No aplica.",0,,6,231,230,231,231,232,7,6,"",1,1,1,1,4265,1,0,,,0,0,"",1,1,1,1,1
"Equatorial Guinea","GQ",2023,AFR,0,0,0,44,1,77,0,,,,,,,,,0,0,0,6715,1290,38,38,0,18,2,2,0,0,0,0,0,0,0,0,,,,,,,,,,,,,,,,,,,,,,,,,,,,,,,,,,,,,,,,,,,0,"",0,,6,6,6,6,6,6,7,6,"",1,1,1,0,,,0,,,0,0,"",3,0,0,0,1
"Eritrea","ER",2023,AFR,0,0,1,0,1,223,0,,,,,,,10,9518,0,1,0,26950,952,80,80,1,33,27,27,1,1,1,1,0,1,0,0,,,,,,,,,,,,,,,,,,,,,,,,,,,80,80,1,80,2220,56,80,1984,217,207,0,0,0,0,0,,1,"Not for publication, we use only internaly.",1,0,6,231,230,6,6,6,6,230,"Prison and rehabilitation services in TB care and prevention",1,1,1,0,,,3,,,3,3,"",3,3,3,3,3
"Estonia","EE",2023,EUR,0,0,1,42,1,2,0,,,,,,,2,38017,1,1,0,3227,141,6,2,2,6,3,3,2,2,2,2,4,2,6,6,,,,,,,,,,,,,,,,,,,,,,,,,,,,,0,,,,,,,,2,0,1,1,0,,0,"",1,0,230,6,6,231,6,7,7,7,"",1,1,1,1,,1,0,,,1,1,"",1,1,1,1,1
"Eswatini","SZ",2023,AFR,0,1,1,42,1,11,0,,,,,,,7,4800,0,0,0,22006,1537,35,35,1,35,1,1,1,1,1,1,1,1,16,16,,,,,,,,,,,,,,,,,,,,,,,,,68,729,151,151,1,151,2297,806,151,2475,2475,2289,1,1,0,1,1,558522,1,"Annual report not published online",0,,6,231,230,230,230,232,232,230,"",0,,,,,,,,,,,"",3,3,3,3,3
"Ethiopia","ET",2023,AFR,0,1,1,43,1,1124,0,,,,,,,737,,0,0,0,533643,51229,4554,4554,9,468,139,139,8,1,1,1,34,130,25,380,1,516571,213184,1,35526,35526,0,,,0,,,Woreda,1057,,740,4554,3188,1273950,895500,275,500265,1057,407,22813,,1057,1057,1,1057,134873,24763,576,12055,12055,10734,1,1,1,1,1,1837710,1,"www.traceth.net",1,1,230,231,230,232,231,230,231,230,"",1,1,1,1,,1,0,,,1,3,"",1,1,1,1,1
"Faroe Islands","FO",2023,EUR,1,0,0,,,,,,,,,,,,,,,,,,,,,,,,,,,,,,,,,,,,,,,,,,,,,,,,,,,,,,,,,,,,,,,,,,,,,,,,,,,"",,,,,,,,,,,"",,,,,,,,,,,,"",,,,,
"Fiji","FJ",2023,WPR,0,0,0,44,1,2,1,3,0,,,,,1,,0,1,0,4569,216,8,8,1,8,1,1,1,0,0,0,0,0,8,5,,,,,,,,,,,,,,,,,,,,,,,,,,,,,,,,,,,,,,,,,,,0,"",0,,6,6,230,232,6,6,232,6,"",0,,,,,,,,,,,"",0,0,0,0,0
"Finland","FI",2023,EUR,1,0,0,42,0,,1,,1,1,,0,,,,1,3,0,,,10,9,9,9,3,3,1,1,1,1,10,0,10,9,,,,,,,,,,,,,,,,,,,,,,,,,,,,,,,,,,,,,,,,,,,1,"https://thl.fi/aiheet/infektiotaudit-ja-rokotukset/taudit-ja-torjunta/taudit-ja-taudinaiheuttajat-a-o/tuberkuloosi/tuberkuloosin-esiintyvyys-suomessa",0,,6,6,6,6,6,6,7,6,"",0,,,,,,,,,,,"",3,3,3,3,3
"France","FR",2023,EUR,1,0,0,42,1,31,0,,,,,,,,,1,1,3,,,2022,120,120,75,35,30,,1,1,1,50,20,120,75,,,,,,,,,,,,,,,,,,,,,,,,,,,,,,,,,,,,,,,,,,,0,"",1,1,232,6,6,6,6,231,6,6,"",1,1,1,3,,,3,,,1,1,"",1,1,1,1,1
"French Polynesia","PF",2023,WPR,1,0,0,42,1,0,0,,,,,,,,,,,,,,,,,,,,,,,,,,,,,,,,,,,,,,,,,,,,,,,,,,,,,,,,,,,,,,,,,,,,,,1,"www.service-public.pf/dsp",0,,,,,,,,,,"",1,0,1,0,,,0,,,0,1,"",1,1,1,1,1
"Gabon","GA",2023,AFR,0,0,1,42,1,267,0,,,,,,,,,0,0,0,16872,4194,27,27,1,12,4,4,4,4,4,4,1,26,0,12,0,,,0,,,1,985,267,0,,,Departement  sanitaire,51,18,,,,,,,,,,,,49,10,0,,,,,,,,1,0,0,0,0,,1,"https:/wwww.who.int/teames/global-tuberculosis-programme/data",1,1,6,231,6,231,231,6,232,6,"",1,1,1,0,,,0,,,0,0,"",0,0,0,0,0
"Gambia","GM",2023,AFR,0,0,1,0,1,12,0,,,,,,,,,0,0,0,10187,2074,41,41,1,16,1,1,,1,1,1,0,1,,,,,,,,,,,,,,,,,,,,,,,,,,,,,50,50,0,,,,,,,,1,1,0,1,1,,1,"https://files.aho.afro.who.int/afahobckpcontainer/production/files/Gambia_Leprosy__TB_report__22.4.24.pdf",1,1,230,230,230,230,230,230,230,230,"",1,1,1,1,56,0,1,56,1,1,1,"",1,1,1,1,1
"Georgia","GE",2023,EUR,0,0,1,42,1,26,0,,,,,,,0,8300,1,0,0,23857,1686,28,10,2,28,2,2,1,1,1,1,0,0,10,0,,,,,,,,,,,,,,,,,,,,,,,,,,,65,0,0,,,,,,,,1,1,2,1,1,62261,1,"",0,,6,6,230,232,231,7,7,7,"CCM is an equivalent of a high-level multi-stakeholder, multi-sectoral accountability mechanism.",1,1,1,1,,0,1,,1,0,0,"",1,1,1,1,1
"Germany","DE",2023,EUR,1,0,0,42,0,,1,,1,47,,3,,,,1,1,3,,,,,,,,,,,,,,,,,,,,,,,,,,,,,,,,,,,,,,,,,,,,,,,,,,,,,,,,,,,1,"https://www.rki.de/DE/Content/InfAZ/T/Tuberkulose/Download/TB2022.pdf",0,,6,6,6,6,6,6,6,6,"",0,,,,,,,,,,,"",1,1,1,0,0
"Ghana","GH",2023,AFR,0,1,1,44,1,76,3,,,,,,,14,47000,0,0,0,271871,13988,553,352,5,201,4,4,4,0,0,0,1,2,201,164,,,,,,,,,,,,,,,,,,,,,,,,,5807,2917,261,261,1,261,7719,4771,261,3096,3096,2694,1,1,1,1,1,2345000,1,"",1,1,6,231,230,232,6,6,232,6,"",1,1,1,1,226,0,0,,,3,1,"Patient enablers is available to RR/MDR-TB patients only",1,1,1,1,1
"Greece","GR",2023,EUR,1,0,0,,,,1,,1,1,,0,,,,,,,,,,,,,,,,,,,,,,,,,,,,,,,,,,,,,,,,,,,,,,,,,,,,,,,,,,,,,,,,,,"",,,,,,,,,,,"",,,,,,,,,,,,"",,,,,
"Greenland","GL",2023,EUR,1,0,0,42,0,,0,,,,,,,,,1,1,0,1955,80,8,0,0,8,0,0,0,0,0,0,0,0,8,8,,,,,,,,,,,,,,,,,,,,,,,,,,,,,,,,,,,,,,,,,,,1,"https://nun.gl/emner/udgivelser/aarsberetninger/sundhedsfaglige_notater_vedroerende_2021?sc_lang=da",0,,6,6,6,6,6,6,6,6,"",0,,,,,,,,,,,"",3,3,3,3,3
"Grenada","GD",2023,AMR,1,0,0,42,1,0,0,,,,,,,,,0,1,0,4,4,1,1,0,1,0,0,0,0,0,0,0,1,1,1,,,,,,,,,,,,,,,,,,,,,,,,,,,,,,,,,,,,,,,,,,,0,"",0,,6,6,6,6,6,6,232,6,"",0,,,,,,,,,,,"",0,0,0,0,0
"Guam","GU",2023,WPR,1,0,0,42,1,1,0,,,,,,,,,,,,,,,,,,,,,,,,,,,,,,,,,,,,,,,,,,,,,,,,,,,,,,,,,,,,,,,,,,,,,,1,"https://www.cdc.gov/tb/statistics/default.htm",0,,6,6,230,6,6,6,6,6,"",1,1,1,1,14,0,0,,,0,0,"",1,0,1,0,0
"Guatemala","GT",2023,AMR,0,0,1,0,1,353,0,,,,,,,32,,1,1,0,25468,4558,316,316,9,24,1,1,1,1,1,1,1,0,1,0,0,,,0,,,1,23170,2636,0,,,distrito,377,0,377,1798,1798,77751,81750,20,,316,,,,377,377,0,,,,,,,,1,0,0,0,0,,0,"",0,,6,231,6,231,6,6,6,6,"",0,,,,,,,,,,,"",0,0,0,0,0
"Guinea","GN",2023,AFR,0,0,1,43,1,19,0,,,,,,,,,0,1,0,16115,5070,125,104,2,20,1,1,1,1,1,1,0,1,11,11,,,,,,,,,,,,,,,,,,,,,,,,,,,107,107,1,107,19763,3105,78,11521,1166,1131,1,1,1,1,0,,1,"",0,,6,230,230,6,231,6,230,231,"",0,,,,,,,,,,,"",1,3,3,3,3
"Guinea-Bissau","GW",2023,AFR,0,0,1,0,0,,3,,,,,,,,,0,0,0,2652,2652,40,40,0,40,,,,,,,0,,0,0,,,,,,,,,,,,,,,,,,,,,,,,,,,133,0,0,,,,,,,,1,1,1,1,0,,0,"",0,,6,6,6,6,6,6,6,6,"",0,,,,,,,,,,,"",3,0,3,1,1
"Guyana","GY",2023,AMR,0,0,1,44,1,,0,,,,,,,1,,1,1,0,6481,440,26,26,1,3,0,1,0,0,0,0,0,1,1,0,0,,,0,,,1,2156,557,0,,,Region,22,22,22,,,4932,3,1,,,3,,,22,6,0,,,,,,,,2,2,1,2,1,200000,1,"Ministry of Health National Records",1,1,230,231,230,232,230,232,232,230,"",1,1,1,1,297,1,1,46,1,1,0,"",1,1,1,1,1
"Haiti","HT",2023,AMR,0,0,1,44,1,360,0,,,,,,,7,11500,0,1,0,30120,6897,229,229,1,22,1,1,1,0,0,0,1,4,5,5,0,,,0,,,0,,,0,,,Departement and higher/lower region of Departement,15,1,,,,,,,,,,,,15,14,0,,,,,,,,0,0,0,2,0,,1,"Not Available for year 2023",1,1,6,6,230,6,231,232,232,6,"",0,,,,,,,,,,,"",0,0,0,0,0
"Honduras","HN",2023,AMR,0,0,1,0,1,238,0,,,,,,,16,24500,1,1,0,14861,2174,309,297,3,14,4,4,0,1,0,0,0,0,0,0,1,13612,11019,1,1083,953,1,19500,3462,0,,,Región Sanitaria,20,17,20,1730,1287,182594,40320,14,14861,20,12,,,20,20,1,20,2616,0,0,0,0,0,2,1,2,1,0,,1,"Existe un reporte anual de la situación tanto epidemiológica realizado por la UVS y Programático por parte del Equipo técnico de tuberculosis del ultimo año fiscal, el cual se comparte con autoridades de Salud y socios (Fondo Mundial y OPS).
",1,1,6,6,230,6,6,6,230,6,"Se ha logrado grandes avances de relación de trabajo con el Instituto Nacional de Migración en especial en la prevención y atención a casos de Tuberculosis en migrantes retornados.",1,1,1,0,,,0,,,1,0,"",0,0,0,1,1
"Hungary","HU",2023,EUR,1,0,0,42,1,11,1,,1,0,,1,,,,1,1,0,5347,748,11,11,11,9,8,8,4,1,1,1,0,0,11,9,,,,,,,,,,,,,,,,,,,,,,,,,,,,,,,,,,,,,,,,,,,1,"Koranyi Bulletin 2024 Vol 1. https://szakmai.koranyi.hu/bulletin/",0,,6,6,6,231,6,6,232,6,"",1,1,1,3,,,3,,,3,0,"",3,3,0,1,1
"Iceland","IS",2023,EUR,1,0,0,,,,0,,,,,,,,,,,,,,,,,,,,,,,,,,,,,,,,,,,,,,,,,,,,,,,,,,,,,,,,,,,,,,,,,,,,,,,"",,,,,,,,,,,"",,,,,,,,,,,,"",,,,,
"India","IN",2023,SEA,0,1,1,42,1,1162,0,,,,,,,4166,5760000,1,1,3,6836062,1082380,31150,24573,81,6496,91,78,52,57,6,51,23,26,31150,0,,,,,,,,,,,,,,,,8684,519704,519704,18506624,17865000,,,8684,,933494,65136,8684,8684,1,5248,2191191,76465,6255,2378901,1349964,1245230,1,1,1,1,1,7740000,1,"",1,1,6,232,230,232,232,232,232,230,"",1,1,1,1,2404733,1,1,1824615,1,1,1,"",1,3,1,1,1
"Indonesia","ID",2023,SEA,0,1,1,42,1,6137,0,,,,,,,1161,1293495,1,1,0,3065724,397507,9510,9408,22,2017,58,58,13,13,13,13,7,15,8297,1797,1,177277,152221,1,46370,30666,1,273297,206346,0,,,Kabupaten/Kota,514,51,505,10481,9535,4656676,5325600,1915,2943065,,1698,251940,252441,514,266,1,266,684071,148445,190,494087,82800,65245,1,1,1,1,1,4216181,1,"https://tbindonesia.or.id/pustaka_tbc/laporan-program-penanggulangan-tuberkulosis-tahun-2022/",1,1,6,231,230,232,231,231,232,6,"Coordinating Ministry for Human Development and Cultural Affairs, Ministry of Home Affairs, Ministry of Villages, Development of Disadvantaged Regions, and Transmigration, Ministry of Communications and Informatics, Ministry of of Religious Affairs",1,1,1,1,,3,0,,,0,0,"",1,1,0,1,1
"Iran (Islamic Republic of)","IR",2023,EMR,0,1,0,42,1,149,1,,0,,,,,,,1,1,0,,,474,423,51,42,4,1,0,2,0,0,0,1,51,42,,,,,,,,,,,,,,,,,,,,,,,,,2274,5151,,,,,,,,,,,,,,,,,1,"https://tb.behdasht.gov.ir/",1,1,6,231,230,231,231,231,231,6,"",1,1,1,1,,1,0,,,1,0,"",1,1,1,1,1
"Iraq","IQ",2023,EMR,0,1,0,44,1,1162,0,,,,,,,,,1,1,0,14440,1817,230,230,17,30,4,4,0,1,0,0,0,0,0,0,,,,,,,,,,,,,,,,,,,,,,,,,2965,2250,,,,,,,,,,,,,,,,,1,"Not online version",0,,6,231,230,6,231,6,7,6,"Ministry of Interior: TB prevention and care for inmates",0,,,,,,,,,,,"",3,3,3,1,1
"Ireland","IE",2023,EUR,1,0,0,42,1,1,1,,1,8,,0,,,,1,1,0,483,79,10,10,10,8,2,1,2,1,1,1,10,0,10,0,,,,,,,,,,,,,,,,,,,,,,,,,,,,,,,,,,,,,,,,,,,0,"",1,0,231,6,6,6,231,6,6,6,"Agriculture is involved in the One Health response to TB, and managing zoonotic TB in animals.",1,1,1,0,,,0,,,0,0,"",1,3,3,0,0
"Israel","IL",2023,EUR,1,0,0,44,0,,3,,,,,,,,,1,1,0,155,26,15,15,15,15,2,2,2,0,0,0,1,1,15,15,,,,,,,,,,,,,,,,,,,,,,,,,,,,,,,,,,,,,,,,,,,1,"https://www.gov.il/en/pages/disease-tuberculosis?chapterIndex=5
",0,,6,6,231,6,6,6,6,6,"",1,1,1,0,,,0,,,1,0,"",0,0,3,0,1
"Italy","IT",2023,EUR,1,0,0,,,,1,,1,10,,0,,,,,,,,,,,,,,,,,,,,,,,,,,,,,,,,,,,,,,,,,,,,,,,,,,,,,,,,,,,,,,,,,,"",,,,,,,,,,,"",,,,,,,,,,,,"",,,,,
"Jamaica","JM",2023,AMR,0,0,1,44,1,15,0,,,,,,,0,,0,1,0,707,72,1,1,0,1,0,0,0,0,0,0,1,0,1,0,1,3000,3000,1,1115,5,1,,265,0,,,Regional health authority (RHA),4,4,4,350,350,21,,1,21,4,0,,,13,13,1,13,83,83,,,,,1,1,1,1,0,,1,"",1,1,6,6,6,6,6,6,6,6,"",0,,,,,,,,,,,"",0,0,0,0,0
"Japan","JP",2023,WPR,1,0,0,42,,,3,,,,,,,,,,,,,,,,,,,,,,,,,,,,,,,,,,,,,,,,,,,,,,,,,,,,,,,,,,,,,,,,,,,,,,,"",,,,,,,,,,,"",,,,,,,,,,,,"",,,,,
"Jordan","JO",2023,EMR,0,1,0,44,1,14,0,,,,,,,9,,1,1,3,480,96,15,15,1,11,1,1,1,1,0,0,0,0,15,0,,,,,,,,,,,,,,,,,,,,,,,,,97,104,,,,,,,,,,,,,,,,,1,"https://moh.gov.jo/AR/List/%D8%A7%D9%84%D9%86%D8%B4%D8%B1%D8%A7%D8%AA_%D8%A7%D9%84%D8%AF%D9%88%D8%B1%D9%8A%D8%A9
",0,,6,231,230,232,230,231,232,6,"",1,0,1,3,,,3,,,3,3,"",1,3,1,3,1
"Kazakhstan","KZ",2023,EUR,0,0,1,42,1,132,3,,,,,,,1,7004,1,1,1,101333,8790,200,80,20,100,20,20,20,20,20,20,0,2,200,100,,,,,,,,,,,,,,,,,,,,,,,,,,,20,18,1,18,5350,428,18,,1356,,1,1,1,1,1,608988,1,"https://www.nncf.kz/statsbornik
",,,7,230,230,232,230,230,230,7,"",1,1,1,1,,1,1,,1,1,3,"",1,1,1,1,1
"Kenya","KE",2023,AFR,0,1,1,42,1,831,0,,,,,,,275,133907,1,0,0,398288,41451,2887,2887,2,334,2,2,2,2,1,1,140,5,246,246,1,1377784,1223803,1,82823,77487,0,,,0,,,county,301,301,301,15000,4700,841501,398288,334,398288,301,3,18999,2115,301,301,1,301,94612,6763,301,90388,517,431,1,1,1,1,1,6163906,1,"https://nltp.co.ke/reports/annual-reports/",1,1,230,232,230,230,230,230,230,230,"",1,1,1,1,706,0,1,706,0,1,0,"",0,0,0,0,0
"Kiribati","KI",2023,WPR,0,0,1,0,1,0,0,,,,,,,1,939,0,1,0,395,254,3,1,0,3,0,0,0,0,0,0,0,3,0,0,,,,,,,,,,,,,,,,,,,,,,,,,,,1,1,1,1,565,110,1,360,360,310,0,0,0,0,1,,1,"",1,0,6,6,230,6,6,6,6,6,"upon request some ministries and private companies allows our Contact tracing nurses to visit and give awareness talk to the employees at the same time afterwards performs TST to them and return after 2 days for TST reading.",1,1,1,1,565,1,3,,,0,0,"",1,1,1,0,0
"Kosovo","XA",2023,EUR,0,0,0,42,1,0,0,,,,,,,0,13249,0,1,0,2673,167,10,10,3,5,0,1,1,0,0,0,0,0,5,5,,,,,,,,,,,,,,,,,,,,,,,,,,,,,,,,,,,,,,,,,,,0,"",0,,6,6,6,231,6,6,6,6,"",0,,,,,,,,,,,"",0,3,3,3,3
"Kuwait","KW",2023,EMR,1,0,0,44,1,0,,,,,,,,,,,,,,,,,,,,,,,,,,,,,,,,,,,,,,,,,,,,,,,,,,,,,,,,,,,,,,,,,,,,,,,1,"",1,0,6,231,231,6,6,6,6,6,"there is close collaboration with the ministry of interior authorities in regard to TB prevention activities.",1,1,1,1,410,1,3,,,3,3,"",3,1,1,1,1
"Kyrgyzstan","KG",2023,EUR,0,1,1,44,1,52,0,,,,,,,38,,0,1,1,33194,6038,78,78,7,30,6,6,1,1,1,1,1,7,78,30,1,6458,5975,1,936,862,1,6272,6000,0,,,город, район,53,0,53,1835,1835,,2,30,,53,30,,,15,,1,,,,45,94,,,1,1,0,1,1,428588,1,"https://www.stat.kg/ru/statistics/",1,1,6,6,230,232,231,232,232,232,"",1,1,1,1,759,1,1,759,1,1,1,"",1,3,1,1,1
"Lao People's Democratic Republic","LA",2023,WPR,0,0,1,44,0,,0,,,,,,,,,0,0,0,47839,6247,164,164,1,25,0,1,1,1,0,1,0,1,0,0,1,11682,11671,1,2066,2066,0,,,0,,,,,,148,1078,1078,47688,135360,25,47688,,,,,164,164,1,164,9042,415,,,,,0,0,0,0,0,,0,"",0,,6,231,230,232,231,231,231,6,"",1,1,1,0,,,0,,,0,0,"",0,0,0,0,0
"Latvia","LV",2023,EUR,0,0,1,,,,,,,,,,,,,,,,,,,,,,,,,,,,,,,,,,,,,,,,,,,,,,,,,,,,,,,,,,,,,,,,,,,,,,,,,,,"",,,,,,,,,,,"",,,,,,,,,,,,"",,,,,
"Lebanon","LB",2023,EMR,0,1,0,44,1,14,1,14,1,14,0,0,0,2,22638,1,1,0,1178,316,48,48,10,10,1,1,1,1,1,1,2,2,48,8,,,,,,,,,,,,,,,,,,,,,,,,,349,57,,,,,,,,,,,,,,,,,1,"https://www.moph.gov.lb/userfiles/files/Prevention/TB%20Program/NTP%20Annual%20Report-2023.pdf",0,,6,6,6,6,6,231,231,6,"",0,,,,,,,,,,,"",1,1,1,1,1
"Lesotho","LS",2023,AFR,0,0,1,0,1,100,0,,,,,,,71,,0,0,0,83242,3645,29,28,1,29,2,1,1,1,1,1,4,16,17,0,1,40815,39445,1,10564,,1,,3452,,,,District,10,10,10,203,203,91757,,29,76060,0,,,,10,10,1,10,6495,82,,,,,1,1,0,1,1,2000000,1,"NA",0,,6,6,230,232,231,230,232,230,"Ministry of Mining, National AIDS Commision, CSOs with ACSM",1,1,1,1,,0,0,,,0,0,"",0,0,0,0,0
"Liberia","LR",2023,AFR,0,0,1,0,1,37,0,,,,,,,0,,0,0,0,12148,3290,166,139,1,26,0,0,0,0,0,0,0,1,0,0,1,,,1,,,1,,,0,,,County,15,,,,,,,,,,,,,15,3,1,3,,,,,,,1,1,0,2,1,,1,"There is no link, but the MoH has the paper-based report",1,1,7,230,230,230,230,230,230,230,"",0,,,,,,,,,,,"",1,1,3,1,3
"Libya","LY",2023,EMR,0,0,0,0,1,93,0,,,,,,,19,166280,1,1,0,1050,13,33,27,8,15,,0,0,0,0,0,,,,,,,,,,,,,,,,,,,,,,,,,,,,,,,,,,,,,,,,,,,,,,,0,"",1,0,6,230,230,6,230,230,6,6,"",1,1,1,0,,,0,,,1,0,"",1,1,1,1,1
"Lithuania","LT",2023,EUR,0,0,1,,,,0,,,,,,,,,,,,,,,,,,,,,,,,,,,,,,,,,,,,,,,,,,,,,,,,,,,,,,,,,,,,,,,,,,,,,,,"",,,,,,,,,,,"",,,,,,,,,,,,"",,,,,
"Luxembourg","LU",2023,EUR,1,0,0,42,1,0,0,,,,,,,,,1,1,0,0,,1,1,1,0,1,0,1,0,0,0,1,0,1,,,,,,,,,,,,,,,,,,,,,,,,,,,,,,,,,,,,,,,,,,,,1,"https://ligue.lu/support/la-ligue/rapport-dactivite",0,,232,232,232,232,232,232,232,232,"",1,1,1,1,,1,0,,,1,1,"All treatments are payed by the health insurance or ministry of health",1,1,1,0,0
"Madagascar","MG",2023,AFR,0,0,1,0,1,732,0,,,,,,,,,0,0,0,27892,8700,255,255,1,30,1,1,1,1,1,1,1,0,1,0,,,,,,,,,,,,,,,,,,,,,,,,,,,267,267,1,267,46405,4455,267,45245,45245,33525,1,1,1,1,1,,0,"",,,6,231,230,6,231,231,231,6,"",1,1,1,1,,1,3,,,1,1,"",1,1,1,1,1
"Malawi","MW",2023,AFR,0,1,1,0,1,59,0,,,,,,,58,,0,0,0,81508,6258,418,418,3,198,50,51,0,1,1,1,11,10,127,127,,,,,,,,,,,,,,,,,,,,,,,,,4327,114,28,28,1,28,18784,1796,,,,,1,1,1,1,1,1624405,1,"Not available on the web
MAF documented drafted. Awaiting approvals from each minstry. Engaged all stakeholders.",1,1,230,230,230,230,230,230,230,230,"",0,,,,,,,,,,,"",1,3,0,1,1
"Malaysia","MY",2023,WPR,0,0,1,42,1,343,0,,,,,,,315,315000,1,1,0,32209,5627,853,853,46,61,5,1,3,1,1,1,41,4,19,19,,,,,,,,,,,,,,,,,,,,,,,,,,,163,12,1,,6318,111,12,3982,19,13,1,1,0,1,0,,0,"",1,1,6,230,230,231,231,231,231,6,"",0,,,,,,,,,,,"",3,0,0,0,0
"Maldives","MV",2023,SEA,0,0,0,42,1,1,0,,,,,,,0,10824,1,1,0,874,49,110,110,0,1,0,0,0,0,0,0,0,1,1,1,,,,,,,,,,,,,,,,,,,,,,,,,,,,,,,,,,,,,,,,,,,0,"",0,,7,7,231,232,7,232,232,7,"",0,,,,,,,,,,,"",1,1,1,1,1
"Mali","ML",2023,AFR,0,0,1,44,1,157,0,,,,,,,22,,0,0,,7219,1918,92,92,2,59,1,1,0,0,0,0,1,1,1,0,,,,,,,,,,,,,,,,,,,,,,,,,,,110,83,1,83,8266,1068,,,,,1,1,1,1,0,,,"",,,,,,,,,,,"",,,,,,,,,,,,"",,,,,
"Malta","MT",2023,EUR,1,0,0,42,1,1,0,,,,,,,,,1,1,,0,0,1,1,1,0,,,,,,,,,1,0,,,,,,,,,,,,,,,,,,,,,,,,,,,,,,,,,,,,,,,,,,,0,"",0,,6,6,6,6,6,6,6,6,"Ministry of Health",1,1,1,1,,1,0,,,0,3,"",1,1,1,3,1
"Marshall Islands","MH",2023,WPR,0,0,0,42,0,,0,,,,,,,0,603,0,1,0,91,80,2,1,0,2,0,0,0,0,0,0,0,1,2,2,,,,,,,,,,,,,,,,,,,,,,,,,,,,,,,,,,,,,,,,,,,1,"",1,1,7,7,230,230,231,230,230,230,"",1,1,1,1,216,1,0,,,0,0,"",0,0,0,0,0
"Mauritania","MR",2023,AFR,0,0,0,42,1,23,0,,,,,,,,,0,0,0,,,,,,,,,,,,,,,,,,,,,,,,,,,,,,,,,,,,,,,,,,,,,,,,,,,,,,,,,,,1,"pas de lien",0,,7,7,7,7,7,7,7,7,"Néant",0,,,,,,,,,,,"",3,3,3,3,3
"Mauritius","MU",2023,AFR,1,0,0,42,1,0,0,,,,,,,,,,,,,,,,,,,,,,,,,,,,,,,,,,,,,,,,,,,,,,,,,,,,,,,,,,,,,,,,,,,,,,1,"",1,0,231,6,231,231,231,6,231,6,"",1,1,1,1,103,1,1,99,1,1,1,"",1,1,1,0,0
"Mexico","MX",2023,AMR,0,1,1,42,1,627,1,3,1,3,0,0,0,481,1006325,1,1,3,14804,5601,1372,1349,39,61,2,2,13,2,1,1,11,21,1372,61,0,,,0,,,1,220994,31,0,,,Jurisdicción,647,647,647,37338,37338,174515,15860,58,14804,647,,6,178,247,56,1,56,13027,184,56,12529,,,1,1,0,1,0,,1,"https://www.gob.mx/salud/acciones-y-programas/direccion-general-de-epidemiologia",1,1,231,6,6,231,6,6,6,6,"",0,,,,,,,,,,,"",0,0,0,1,1
"Micronesia (Federated States of)","FM",2023,WPR,0,0,0,42,0,,0,,,,,,,,,,,,,,,,,,,,,,,,,,,,,,,,,,,,,,,,,,,,,,,,,,,,,,,,,,,,,,,,,,,,,,,"",,,,,,,,,,,"",,,,,,,,,,,,"",,,,,
"Monaco","MC",2023,EUR,1,0,0,,,,,,,,,,,,,,,,,,,,,,,,,,,,,,,,,,,,,,,,,,,,,,,,,,,,,,,,,,,,,,,,,,,,,,,,,,,"",,,,,,,,,,,"",,,,,,,,,,,,"",,,,,
"Mongolia","MN",2023,WPR,0,1,1,44,1,88,0,,,,,,,54,66266,1,1,0,28003,3021,42,39,3,42,1,1,1,1,1,1,7,1,42,42,1,305,270,1,23,22,1,5832,5200,1,96815,4803,District,34,24,33,540,2,28089,72864,35,28000,30,42,18,167,34,29,1,29,2987,441,29,2994,1682,984,0,0,0,0,0,,1,"https://www.nccd.gov.mn/index.php

",1,1,230,230,230,231,231,232,231,230,".",1,1,1,1,0,1,0,,,1,0,".",1,1,1,1,1
"Montenegro","ME",2023,EUR,1,0,0,42,1,1,0,,,,,,,,,1,1,0,600,53,1,1,1,1,0,1,0,1,0,0,0,1,1,0,,,,,,,,,,,,,,,,,,,,,,,,,,,,,,,,,,,,,,,,,,,0,"",0,,6,6,6,6,6,6,6,6,"",0,,,,,,,,,,,"",1,1,1,1,1
"Montserrat","MS",2023,AMR,1,0,0,,,,,,,,,,,,,,,,,,,,,,,,,,,,,,,,,,,,,,,,,,,,,,,,,,,,,,,,,,,,,,,,,,,,,,,,,,,"",,,,,,,,,,,"",,,,,,,,,,,,"",,,,,
"Morocco","MA",2023,EMR,0,1,0,43,1,192,0,,,,,,,76,73642,1,1,0,57147,14837,116,116,22,87,33,33,1,2,0,0,0,1,0,28,,,,,,,,,,,,,,,,,,,,,,,,,9730,1828,,,,,,,,,,,,,,,,,1,"Lien internet non disponible 
Un communiqué de presse officiel du Ministère de la Santé et de la Protection Sociale est produit chaque année en marge de la célébration de la journée mondiale de lutte contre la tuberculose",0,,231,231,6,231,231,230,6,6,"Non applicable",1,1,1,1,,0,0,,,1,0,"Non Applicable",1,3,1,1,1
"Mozambique","MZ",2023,AFR,0,1,1,44,1,1044,3,,,,,,,395,59264,0,1,0,554266,53506,488,488,4,233,2,2,2,2,2,2,2,1,4,233,1,2460000,,1,288300,269026,1,193852,16821,0,,,BMU,161,94,161,1475,115,554266,554266,,554266,161,,58469,,908,665,1,665,116317,58253,665,110084,38673,24640,1,2,0,1,1,7545229,1,"",0,,6,231,230,6,231,231,232,6,"",1,1,1,1,628,1,1,628,0,0,1,"",1,1,1,1,1
"Myanmar","MM",2023,SEA,0,1,1,43,1,784,3,,,,,,,,,0,0,0,144693,52729,418,313,1,104,18,18,0,0,1,1,0,1,1,91,1,216757,198676,1,25257,22131,1,100324,16492,0,,,basic management unit,330,330,77,1904,1904,357850,144693,65,96302,330,83,39932,3107,330,200,1,200,97764,18598,200,88965,16967,14930,1,0,0,0,1,139221,0,"",0,,6,231,230,230,6,230,6,6,"",1,1,1,1,18598,0,1,2512,0,1,0,"",0,0,0,0,0
"Namibia","NA",2023,AFR,0,0,1,42,1,134,0,,,,,,,31,15018,1,1,0,61027,6494,41,41,2,41,4,4,0,1,0,0,15,18,37,0,1,210283,207037,1,8996,7448,1,11878,11118,0,,,District,36,0,36,346,346,68093,288000,33,61027,0,,,,36,36,1,36,9250,,36,8620,8292,,1,2,1,2,1,176214,1,"https://mhss.gov.na/documents",1,1,6,231,6,6,6,232,232,6,"The following ministries regularly participate in the multi-sectoral engagement:
- Min. of Home affairs Safety and Security
- Office of the Prime Minister
- Min. of Gender
- Min. of Mines and Energy",1,1,1,1,527,1,0,,,1,1,"None",0,0,0,0,0
"Nauru","NR",2023,WPR,1,0,0,0,1,0,0,,,,,,,,,,,,,,,,,,,,,,,,,,,,,,,,,,,,,,,,,,,,,,,,,,,,,,,,,,,,,,,,,,,,,,0,"",0,,6,6,6,6,6,6,6,6,"",0,,,,,,,,,,,"",1,1,1,1,1
"Nepal","NP",2023,SEA,0,1,1,44,0,,0,,,,,,,,,0,1,0,165960,21372,903,786,4,113,21,21,2,2,2,2,2,113,113,113,1,,,1,3046,2578,1,27550,14493,0,,,Federal, Province and Local Level,77,,77,6209,6209,477806,445824,,,,,10848,,753,183,0,,,,,,,,1,1,1,1,1,260000,1,"https://nepalntp.gov.np/",0,,6,6,6,232,6,6,231,6,"",1,1,1,1,,1,0,,,0,0,"",0,0,0,1,0
"Netherlands (Kingdom of the)","NL",2023,EUR,1,0,0,42,1,,1,,1,6,,0,,,,1,1,3,,,30,,30,,,,,1,1,1,,,,,,,,,,,,,,,,,,,,,,,,,,,,,,,,,,,,,,,,,,,,,,,1,"https://www.rivm.nl/publicaties/tuberculose-in-nederland-2022
",1,1,6,231,6,6,231,6,6,6,"",0,,,,,,,,,,,"",0,0,0,0,0
"New Caledonia","NC",2023,WPR,1,0,0,42,0,,0,,,,,,,,,,,,,,,,,,,,,,,,,,,,,,,,,,,,,,,,,,,,,,,,,,,,,,,,,,,,,,,,,,,,,,1,"https://dass.gouv.nc/votre-sante/documents-rapports-etudes",1,0,6,7,6,6,6,6,6,6,"",1,1,1,3,,,0,,,0,1,"",1,3,1,1,1
"New Zealand","NZ",2023,WPR,1,0,0,42,0,,1,1,0,,,,,,,,,,,,,,,,,,,,,,,,,,,,,,,,,,,,,,,,,,,,,,,,,,,,,,,,,,,,,,,,,,,,1,"The latest report is here. 
https://www.esr.cri.nz/digital-library/tuberculosis-in-new-zealand-annual-report-2020/",0,,6,6,6,6,6,6,6,6,"",0,,,,,,,,,,,"",3,3,3,3,3
"Nicaragua","NI",2023,AMR,0,0,1,42,1,84,0,,,,,,,31,38983,0,0,0,11192,1198,143,143,5,11,4,4,1,1,1,1,0,1,11,0,1,10237,8190,1,1116,969,1,20918,1947,1,,90,Sistema Local de Atención Integral de Salud SILAIS,19,0,,,,,,,,,,,,154,154,1,154,2122,24,154,2172,468,414,0,0,0,0,1,12454,0,"",0,,6,231,230,231,230,230,230,230,"",0,,,,,,,,,,,"",1,1,1,1,1
"Niger","NE",2023,AFR,0,0,1,0,1,57,0,,,,,,,,,0,0,0,20556,4786,331,331,1,60,1,1,0,1,,,,,331,,,,,,,,,,,,,,,,,,,,,,,,,,,,72,72,1,72,15464,3333,72,14457,,,2,1,1,1,0,,1,"",1,1,6,231,230,231,231,6,230,6,"",1,1,1,3,,,3,,,1,1,"",1,1,1,3,3
"Nigeria","NG",2023,AFR,0,1,1,44,1,1452,3,,,,,,,45,473317,0,0,0,3422528,277536,3357,2605,9,752,9,9,9,5,2,2,3,5,513,513,1,,,1,,,1,80507,15753,0,,,Local Government Area (LGA),774,182,774,27307,27307,4052273,3654720,600,3422528,774,,108530,1447,774,774,1,712,367040,153466,774,285561,278384,257784,1,1,1,1,1,,1,"www.ntblcp.org.ng",0,,230,231,230,230,230,230,,230,"Ministry of youth and sport are involved in Advocacy, information, education, and communication",0,,,,,,,,,,,"",0,0,0,1,1
"Niue","NU",2023,WPR,1,0,0,0,0,,0,,,,,,,,,,,,,,,,,,,,,,,,,,,,,,,,,,,,,,,,,,,,,,,,,,,,,,,,,,,,,,,,,,,,,,0,"",0,,7,7,230,230,232,7,,230,"",1,1,1,1,0,0,0,,,,0,"",0,0,0,0,0
"North Macedonia","MK",2023,EUR,1,0,0,42,1,4,0,,,,,,,,,1,1,0,300,68,8,6,3,3,1,1,0,0,0,0,1,1,8,1,,,,,,,,,,,,,,,,,,,,,,,,,,,,,,,,,,,,,,,,,,,1,"https://www.iph.mk/Upload/Documents/Izvestaj%20za%20zdravje%202022.pdf",1,1,6,6,6,6,231,6,6,6,"",1,1,1,0,,,0,,,0,0,"As a part of the national Preventive program:
1.Financial compensation for a round-trip bus ticket (as per control examination during the TB-treatment)
2.One time financial compensation for a round-trip bus ticket (for contact examination)",1,1,1,1,1
"Northern Mariana Islands","MP",2023,WPR,1,0,0,42,1,0,0,,,,,,,,,,,,,,,,,,,,,,,,,,,,,,,,,,,,,,,,,,,,,,,,,,,,,,,,,,,,,,,,,,,,,,0,"",0,,6,6,231,6,231,6,6,6,"",0,,,,,,,,,,,"",0,0,0,0,0
"Norway","NO",2023,EUR,1,0,0,,,,1,,1,1,,0,,,,,,,,,,,,,,,,,,,,,,,,,,,,,,,,,,,,,,,,,,,,,,,,,,,,,,,,,,,,,,,,,,"",,,,,,,,,,,"",,,,,,,,,,,,"",,,,,
"occupied Palestinian territory, including east Jerusalem","PS",2023,EMR,0,0,0,42,1,0,0,,,,,,,0,,1,1,0,0,,,,,,,,,,,,3,3,16,3,,,,,,,,,,,,,,,,,,,,,,,,,,,,,,,,,,,,,,,,,,,1,"https://site.moh.ps/index/Books/BookType/2/Language/ar",0,,6,7,6,6,231,6,6,6,"",1,1,1,0,,,1,4,0,1,0,"",1,1,1,1,1
"Oman","OM",2023,EMR,1,0,0,42,1,3,0,,,,,,,,,,,,,,,,,,,,,,,,,,,,,,,,,,,,,,,,,,,,,,,,,,,,,,,,,,,,,,,,,,,,,,1,"https://www.moh.gov.om/en/web/statistics/annual-reports",1,0,6,231,230,232,230,231,232,6,"",1,1,1,1,0,1,1,2,1,0,1,"",1,1,1,1,1
"Pakistan","PK",2023,EMR,0,1,1,44,1,337,0,,,,,,,,,0,3,0,933794,190230,1949,1949,22,453,40,40,6,5,2,2,2,4,9,394,1,66212,,1,12731,,,,,,,,District,156,,156,860,,2159109,2215200,235,933794,,,209752,3246,1638,777,0,,,,,,,,1,1,0,1,0,,1,"The annual report of 2022 is kept as drafts and not publicly published to the official websites. However, the data of 2022 report is available on the official CMU website (cmu.gov.pk). The 2023 one being worked on and will be available .",1,1,6,231,230,231,6,231,6,6,"NA",1,1,1,0,,,0,,,0,0,"5.13.3 and 5.13.4 are applicable only for DRTB patients",1,1,1,1,1
"Palau","PW",2023,WPR,1,0,0,42,1,0,0,,,,,,,,,,,,,,,,,,,,,,,,,,,,,,,,,,,,,,,,,,,,,,,,,,,,,,,,,,,,,,,,,,,,,,0,"",0,,6,230,230,231,230,231,231,6,"",1,1,1,1,15,1,0,,,1,0,"",1,1,1,1,1
"Panama","PA",2023,AMR,0,0,1,42,1,164,0,,,,,,,2,,1,1,0,5632,963,62,62,13,31,2,1,1,1,0,0,2,3,30,0,0,,,0,,,0,,,0,,,Regiones de Salud ,15,15,,,,,,30,,,,,,15,15,0,,,,,,,,0,0,0,0,0,,0,"",0,,7,7,230,7,7,7,230,7,"",1,1,1,1,,0,0,,,0,0,"",1,1,1,1,1
"Papua New Guinea","PG",2023,WPR,0,0,1,0,0,,0,,,,,,,,,0,0,0,79578,16401,123,53,1,70,20,20,1,1,0,0,0,1,0,70,1,48951,38671,1,5794,4578,0,,,0,,,,,,,,,,,35,79578,,,,,257,108,1,32,10789,8982,17,11101,9416,7295,1,1,1,1,0,,1,"No link is available. The latest report was in 2021. The updated reports will be done.",0,,6,6,230,6,231,231,6,6,"",0,,,,,,,,,,,"",1,1,1,1,1
"Paraguay","PY",2023,AMR,0,0,1,42,1,823,0,,,,,,,39,154889,1,1,1,26523,2731,101,101,19,29,4,4,0,1,0,0,0,0,99,29,1,12754,1137,0,,,1,17446,7487,0,,,Región Sanitaria,19,16,19,929,929,29924,66000,29,26523,19,29,,,19,19,1,19,513,6,6,912,2,2,1,0,1,1,1,14000,1,"https://dgvs.mspbs.gov.py/wp-content/uploads/2023/08/14082023_-INFORME-ESPECIAL_TUBERCULOSIS-Py.pdf",1,1,6,231,230,231,231,230,6,6,"Contamos con el apoyo del Frente Parlamentario de lucha contra la TB, cuyos miembros son Diputados Nacionales",1,1,1,1,960,1,0,,,0,0,"",1,0,1,1,1
"Peru","PE",2023,AMR,0,1,1,42,1,3040,0,,,,,,,419,403848,1,1,0,54166,11151,2233,2233,90,43,9,5,1,1,1,1,1,0,141,40,1,93370,12755,1,9490,4204,1,93985,55845,0,,,Distritos,1890,480,939,8377,4139,1593686,79002,43,11151,533,35,4,10098,29,29,0,,,,,,,,2,2,2,1,1,426519,1,"http://www.tuberculosis.minsa.gob.pe",1,1,6,231,231,231,231,231,231,231,"",1,1,1,1,32655,1,1,1205,1,1,0,"",0,0,0,0,0
"Philippines","PH",2023,WPR,0,1,1,42,1,5442,3,,,,,,,,,1,1,3,1165484,259973,2789,2759,24,888,0,0,2,6,2,2,1,2,477,47,1,119145,66577,1,16984,14555,1,149416,148118,0,,,Province and Highly Urbanized City,115,115,115,2593,2593,,269808,590,,115,,108413,22313,3189,2694,1,2694,391366,39491,2557,348027,53348,50447,1,1,0,1,0,,1,"https://ntp.doh.gov.ph/download/philippines-national-tuberculosis-report-2022/",1,1,6,6,230,6,231,230,230,230,"",1,1,1,1,,1,1,,1,3,1,"No data on 5.13.4a",1,0,0,0,1
"Poland","PL",2023,EUR,1,0,0,0,1,166,0,,,,,,,,,1,3,0,33471,3782,53,53,53,42,42,30,20,1,1,1,0,1,53,,,,,,,,,,,,,,,,,,,,,,,,,,,,,,,,,,,,,,,,,,,,1,"Web of the National Tuberculosis and Lung Dis. Res. Institute.",0,,6,230,230,6,230,6,230,6,"",0,,,,,,,,,,,"",1,1,1,1,1
"Portugal","PT",2023,EUR,1,0,0,42,1,27,0,,,,,,,,,1,1,0,229,16,41,41,35,15,6,3,3,1,0,0,,,,,,,,,,,,,,,,,,,,,,,,,,,,,,,,,,,,,,,,,,,,,,,1,"https://www.dgs.pt/tuberculose/ficheiro-de-registos-folhetos/relatorio-de-vigilancia-e-monitorizacao-da-tuberculose-em-portugal-dados-definitivos-2022-pdf.aspx",1,1,6,6,6,6,231,232,232,6,"The Ministry of Health and the Directorate General of Health (includes the NTP) articulates with the others Ministries in order to provide TB patient support in several areas, such as occupational services, social support, sick leave, migrants",1,1,1,1,,1,0,,,1,1,"a monthly payment and social support to ensure active tB treatment adherence.This montlhy payment is provided by the Ministery of Social Security, if the patient is unable to work",0,0,0,0,0
"Puerto Rico","PR",2023,AMR,1,0,0,42,1,1,0,,,,,,,,,1,1,0,,,,1,1,1,1,0,0,0,0,0,0,0,1,0,,,,,,,,,,,,,,,,,,,,,,,,,,,,,,,,,,,,,,,,,,,1,"https://www.salud.pr.gov/CMS/98
",0,,7,7,7,7,7,231,7,7,"",1,1,1,0,,,3,,,0,0,"",1,1,1,1,0
"Qatar","QA",2023,EMR,1,0,0,42,0,,3,,,,,,,,,,,,,,,,,,,,,,,,,,,,,,,,,,,,,,,,,,,,,,,,,,,,,,,,,,,,,,,,,,,,,,0,"",1,1,7,7,7,7,7,7,7,7,"",1,1,1,3,,,3,,,3,3,"",3,3,3,3,3
"Republic of Korea","KR",2023,WPR,0,1,0,42,1,63,0,,,,,,,130,826504,1,1,0,,12059,484,484,129,102,36,3,6,5,3,3,2,,,,,,,,,,,,,,,,,,,,,,,,,,,,0,0,,,,,,,,,,,,,,,,,1,"https://www.kdca.go.kr/filepath/boardDownload.es?bid=ATT&list_no=723661&seq=3
https://tbzero.kdca.go.kr/tbzero/board/boardView.do?leftMenuId=3&paramMenuId=34&boardSeq=7690",1,1,230,231,231,230,231,231,232,6,"Ministry of Food and Drug Safety, Ministry of the Interior and Safety, Statistics Korea, Ministry of Science and ICT & Ministry of SMEs and Startups, Ministry of Foreign Affairs, Ministry of Unification, National Fire Agency
",1,1,1,1,19518,1,1,,1,1,1,"",1,1,1,1,1
"Republic of Moldova","MD",2023,EUR,0,0,1,42,1,47,0,,,,,,,6,50457,1,1,0,19875,1423,57,57,4,57,4,4,4,4,4,4,1,3,57,1,1,9778,7598,1,928,,1,6084,5942,0,,,районы+муниципии с секторами,57,57,57,57,57,,,57,,57,57,,,59,59,1,59,2164,1951,59,1545,1545,1229,2,2,1,1,1,738247,1,"https://simetb.ifp.md/Download/tbreps.excel/raport_2022.pdf",1,1,230,230,230,230,230,230,7,7,"",1,1,1,1,2281,1,1,2281,1,1,1,"",1,1,1,1,1
"Romania","RO",2023,EUR,0,0,1,42,1,77,1,,1,3,,0,,72,377109,1,1,1,57304,,88,88,84,56,41,41,1,3,1,1,29,59,88,56,,,,,,,,,,,,,,,,,,,,,,,,,,,162,65,0,,,,,,,,1,0,1,1,0,,0,"",1,1,6,231,6,232,6,232,232,6,"",1,1,1,0,,,0,,,3,1,"",1,1,1,1,1
"Russian Federation","RU",2023,EUR,0,0,1,44,1,3909,3,,,,,,,7,18603,1,1,1,530978,95870,4818,4818,295,207,80,,95,139,88,98,0,36,,,,,,,,,,,,,,,,,,,,,,,,,,,,,2058,,0,,,,,,,,2,2,2,2,0,,1,"",1,1,231,231,,230,231,232,232,6,"Federal Medical and Biological Agency - TB prevention and treatment",1,1,1,1,9123,0,0,,,1,1,"Providing hygiene kits, reimbursement of travel costs to the place of examination and treatment, provision of separate housing for epidemic-prone patients",1,1,,1,0
"Rwanda","RW",2023,AFR,0,0,1,42,1,2467,0,,,,,,,54,25583,0,1,0,76682,5664,205,205,2,70,1,1,1,0,0,0,2,1,70,70,,,,,,,,,,,,,,,,,,,,,,,,,,,573,525,1,525,9314,2975,525,2146,2146,2012,1,1,0,0,0,,1,"RBC website",1,1,230,231,230,230,6,230,230,230,"",1,1,1,0,,,3,,,0,0,"",1,1,1,1,1
"Saint Kitts and Nevis","KN",2023,AMR,1,0,0,44,0,,0,,,,,,,,,0,1,0,1,1,1,1,1,1,0,0,0,0,0,0,0,1,0,1,,,,,,,,,,,,,,,,,,,,,,,,,,,,,,,,,,,,,,,,,,,0,"",1,0,6,6,6,232,230,6,230,6,"",1,1,1,1,1,0,0,,,0,0,"",0,0,0,0,0
"Saint Lucia","LC",2023,AMR,1,0,0,0,0,,0,,,,,,,,,0,1,0,100,1,1,1,0,1,0,0,0,0,0,0,0,1,1,0,,,,,,,,,,,,,,,,,,,,,,,,,,,,,,,,,,,,,,,,,,,0,"",1,1,6,6,6,6,6,6,232,6,"",1,1,1,0,,,0,,,1,1,"Sick leave benefits for loss of income; support through Ministry of Equity if food support is required.",1,1,1,1,1
"Saint Vincent and the Grenadines","VC",2023,AMR,1,0,0,0,0,,0,,,,,,,,,0,1,0,14,2,1,1,0,1,0,0,0,0,0,0,1,0,1,1,,,,,,,,,,,,,,,,,,,,,,,,,,,,,,,,,,,,,,,,,,,0,"",0,,6,230,6,6,6,6,6,6,"",0,,,,,,,,,,,"",3,3,3,3,3
"Samoa","WS",2023,WPR,1,0,0,42,0,,0,,,,,,,,,,,,,,,,,,,,,,,,,,,,,,,,,,,,,,,,,,,,,,,,,,,,,,,,,,,,,,,,,,,,,,1,"Samoa MOH page.",1,1,6,6,230,231,6,6,230,231,"",1,1,1,1,14,1,1,14,1,1,0,"",1,1,1,0,0
"San Marino","SM",2023,EUR,1,0,0,,,,,,,,,,,,,,,,,,,,,,,,,,,,,,,,,,,,,,,,,,,,,,,,,,,,,,,,,,,,,,,,,,,,,,,,,,,"",,,,,,,,,,,"",,,,,,,,,,,,"",,,,,
"Sao Tome and Principe","ST",2023,AFR,0,0,1,42,0,,0,,,,,,,0,1,0,0,0,1260,57,3,3,1,3,3,0,0,0,0,0,1,0,1,1,,,,,,,,,,,,,,,,,,,,,,,,,,,38,38,1,38,105,15,38,85,65,57,1,1,1,1,1,104676,1,"",0,,6,6,230,6,6,6,6,6,"",1,1,1,1,103,1,0,,,1,0,"",0,0,0,0,0
"Saudi Arabia","SA",2023,EMR,1,0,0,42,1,109,0,,,,,,,,,,,,,,,,,,,,,,,,,,,,,,,,,,,,,,,,,,,,,,,,,,,,,,,,,,,,,,,,,,,,,,1,"",0,,231,231,230,232,232,232,232,6,"",1,1,1,1,,0,0,,,1,1,"",0,0,0,1,0
"Senegal","SN",2023,AFR,0,0,1,0,1,115,3,,,,,,,,,0,0,0,31516,8208,142,142,2,71,20,20,1,2,0,0,1,1,0,0,,,,,,,,,,,,,,,,,,,,,,,,,,,98,98,1,98,16668,3537,98,14604,71,71,1,1,1,1,1,,1,"seul le rapport physique est disponible",1,1,6,230,230,231,231,230,230,230,"",0,,,,,,,,,,,"",1,1,3,1,1
"Serbia","RS",2023,EUR,0,0,1,42,1,0,1,0,0,,,,,3,105601,1,1,0,,18,30,30,28,3,1,1,1,0,0,0,2,2,28,3,,,,,,,,,,,,,,,,,,,,,,,,,,,24,2,1,2,0,0,1,2,2,2,0,0,0,0,1,0,1,"https://www.batut.org.rs/index.php?content=2671",0,,6,231,230,6,231,232,7,7,"",0,,,,,,,,,,,"",1,1,1,1,1
"Seychelles","SC",2023,AFR,1,0,0,42,1,0,0,,,,,,,,,,,,,,,,,,,,,,,,,,,,,,,,,,,,,,,,,,,,,,,,,,,,,,,,,,,,,,,,,,,,,,0,"",1,0,6,6,230,232,232,231,232,6,"",1,1,1,1,9,1,0,,,0,1,"",1,1,1,0,0
"Sierra Leone","SL",2023,AFR,0,1,1,44,1,22,0,,,,,,,,,0,0,0,22057,6165,208,188,1,20,0,0,0,0,0,0,0,1,0,0,,,,,,,0,,,0,,,Districts,16,5,,,,,,,,,,825,958,16,16,1,13,19821,958,,,,,1,1,1,1,0,,1,"",1,1,6,6,230,232,230,6,6,6,"",0,,,,,,,,,,,"",0,0,0,0,0
"Singapore","SG",2023,WPR,1,0,0,42,1,11,0,,,,,,,,,,,,,,,,,,,,,,,,,,,,,,,,,,,,,,,,,,,,,,,,,,,,,,,,,,,,,,,,,,,,,,0,"",0,,7,7,7,7,7,7,7,7,"",1,0,1,1,,1,0,,,0,0,"",1,1,1,1,1
"Sint Maarten (Dutch part)","SX",2023,AMR,1,0,0,0,0,,0,,,,,,,,,1,1,3,,,2,2,2,,,,,,,,2,,2,2,,,,,,,,,,,,,,,,,,,,,,,,,,,,,,,,,,,,,,,,,,,0,"",0,,6,7,6,6,6,6,6,6,"",0,,,,,,,,,,,"",1,1,3,1,1
"Slovakia","SK",2023,EUR,1,0,0,44,1,5,0,,,,,,,,,1,1,1,1600,105,7,7,3,1,1,1,1,1,0,0,1,2,3,1,,,,,,,,,,,,,,,,,,,,,,,,,,,,,,,,,,,,,,,,,,,1,"https://www.nczisk.sk/Registre/Narodne-zdravotne-registre/Pages/Narodny-register-pacientov-s-tuberkulozou.aspx, 
https://www.hagy.sk/narodny-register-tbc/analyza-situacie-tbc-na-slovensku/
",1,1,231,231,230,230,231,230,232,6,"",1,1,1,0,,,0,,,0,1,"",1,1,1,1,1
"Slovenia","SI",2023,EUR,1,0,0,42,1,0,0,,,,,,,,,1,1,0,1913,69,4,2,2,2,1,1,1,1,1,1,1,1,2,2,,,,,,,,,,,,,,,,,,,,,,,,,,,,,,,,,,,,,,,,,,,1,"In progress.",1,1,230,230,230,230,230,230,230,230,"",1,1,1,1,79,1,0,,,1,0,"AD/5.13.3a; Slovenia reports all TB cases, including cases where TB was diagnosed post-mortem. In 2023 we notified 6 cases post mortem TB.",1,1,1,0,1
"Solomon Islands","SB",2023,WPR,0,0,0,0,0,,0,,,,,,,,,0,1,0,718,93,8,8,0,8,0,0,0,0,0,0,,,,,,,,,,,,,,,,,,,,,,,,,,,,,,,,,,,,,,,,,,,,,,,1,"Currently not available",0,,6,6,6,,6,6,,6,"",,,,,,,,,,,,"",,,,,
"Somalia","SO",2023,EMR,0,1,1,43,1,14,0,,,,,,,,,0,0,0,76618,7921,112,112,2,81,2,2,2,0,0,0,0,0,2,0,,,,,,,,,,,,,,,,,,,,,,,,,2962,0,112,,0,,,,,,,,1,1,1,1,1,,0,"",0,,6,6,6,6,6,6,230,6,"",0,,,,,,,,,,,"",1,1,1,1,1
"South Africa","ZA",2023,AFR,0,1,1,42,1,1450,0,,,,,,,,,1,1,0,2844062,193610,180,173,15,173,15,15,15,6,6,6,105,75,180,173,1,7800000,505023,0,,,0,,,1,446087,389200,District,52,17,52,3498,3498,4694000,9700000,161,,52,124,5082,,52,52,0,,,,,,,,1,2,0,0,0,,1,"Link should be the https://www.health.gov.za/annual-reports/",1,1,232,231,230,231,231,231,232,6,"Department of Public Sector Administration (TB prevention and care); Department of Correctional Services (TB prevention and care); and Department of Mineral Resources and Energy (TB prevention and care). SA Police Service (TB prevention and care)",1,1,1,0,,,0,,,1,1,"Measures for compensation for temporary and permanent disability as a result of TB OR treatment adverse events irrespective of job loss (i.e. miners, healthcare workers) and unemployment insurance fund.",1,1,1,1,1
"South Sudan","SS",2023,AFR,0,0,0,42,0,,0,,,,,,,,,0,0,0,20782,6772,261,261,0,41,0,0,0,0,0,0,0,0,261,41,,,,,,,,,,,,,,,,,,,,,,,,,,,,,,,,,,,,,,,,,,,0,"",1,1,232,230,230,230,230,6,232,6,"MoH is collaborating with UNDP, WHO, Cordaid, AAA, SSAC, and CSOs",1,1,1,1,24091,0,0,,,1,0,"",1,1,1,1,1
"Spain","ES",2023,EUR,1,0,0,,,,1,,1,51,,4,,,,,,,,,,,,,,,,,,,,,,,,,,,,,,,,,,,,,,,,,,,,,,,,,,,,,,,,,,,,,,,,,,"",,,,,,,,,,,"",,,,,,,,,,,,"",,,,,
"Sri Lanka","LK",2023,SEA,0,1,1,42,1,48,0,,,,,,,57,121500,1,1,0,2518,2,226,226,5,29,1,1,0,0,0,0,0,,,,,,,,,,,,,,,,,,,,,,,,,,,,843,8060,26,26,1,26,9271,24,26,26,18,,1,1,1,1,0,,1,"https://www.nptccd.health.gov.lk/",1,1,231,231,230,232,6,230,232,230,"",0,,,,,,,,,,,"",0,0,0,1,0
"Sudan","SD",2023,EMR,0,0,0,44,1,53,0,,,,,,,,,0,0,0,7991,1951,177,147,0,30,0,0,0,0,0,0,0,1,0,0,,,,,,,,,,,,,,,,,,,,,,,,,,,,,,,,,,,,,,,,,,,0,"",0,,6,231,230,6,6,6,232,6,"",1,1,1,1,,1,1,,0,1,1,"",3,3,3,0,1
"Suriname","SR",2023,AMR,0,0,1,42,1,2,0,,,,,,,,,0,1,0,1003,113,3,2,1,3,1,1,0,0,0,0,1,1,1,1,0,,,0,,,0,,,0,,,,10,0,,,,,,,,,,,,1,,0,,,,,,,,1,1,0,0,0,,1,"no weblink available",0,,6,6,6,6,231,6,232,6,"",1,1,1,1,,0,0,,,0,0,"",3,0,0,0,1
"Sweden","SE",2023,EUR,1,0,0,42,0,,1,,1,1,,0,,,,1,1,3,,,6,5,5,5,5,4,5,3,1,1,6,0,6,5,,,,,,,,,,,,,,,,,,,,,,,,,,,,,,,,,,,,,,,,,,,0,"",0,,6,6,6,6,6,6,6,6,"",0,,,,,,,,,,,"",1,1,1,1,0
"Switzerland","CH",2023,EUR,1,0,0,42,0,,1,10,1,10,0,0,0,,,1,1,3,,,52,29,20,52,5,3,8,3,1,1,,,,,,,,,,,,,,,,,,,,,,,,,,,,,,,,,,,,,,,,,,,,,,,1,"",0,,6,6,6,6,231,6,6,6,"",0,,,,,,,,,,,"",3,3,3,3,3
"Syrian Arab Republic","SY",2023,EMR,0,0,0,42,1,391,1,1,1,1,0,0,0,0,133,0,0,0,3152,839,31,31,4,11,1,1,0,1,0,0,0,1,14,11,,,,,,,,,,,,,,,,,,,,,,,,,,,,,,,,,,,,,,,,,,,0,"",1,1,7,231,231,6,6,232,6,6,"",0,,,,,,,,,,,"",0,0,0,0,0
"Tajikistan","TJ",2023,EUR,0,1,1,42,1,101,0,,,,,,,39,111357,1,1,0,63527,4113,84,84,6,77,27,27,1,27,1,1,0,1,84,0,1,11696,10914,1,1100,1015,0,,,0,,,"Город" - "Район",66,66,,,,,,,,,,0,0,73,0,0,,,,,,,,0,0,0,0,0,,0,"",1,1,6,6,230,232,232,232,6,6,"",1,1,1,1,472,0,3,,,3,3,"",1,1,1,1,1
"Thailand","TH",2023,SEA,0,1,1,42,1,2441,0,,,,,,,612,603951,1,1,0,198206,46524,1348,1348,35,185,125,125,6,14,3,3,130,1218,1313,185,1,440708,193497,0,,,1,274277,274277,1,,44,district,878,878,185,9849,,,864000,167,,873,170,6764,7040,903,903,1,903,40105,20053,903,36137,18069,15359,1,1,1,1,1,,1,"www.tbthailand.org",1,1,231,232,232,232,232,232,232,232,"",1,1,1,1,,1,1,4011,1,1,1,"",1,1,1,1,1
"Timor-Leste","TL",2023,SEA,0,0,0,44,0,,0,,,,,,,0,,0,0,0,,,75,75,1,22,1,0,0,0,0,0,0,1,0,0,,,,,,,,,,,,,,,,,,,,,,,,,,,,,,,,,,,,,,,,,,,0,"",1,1,6,230,230,230,230,230,230,230,"",0,,,,,,,,,,,"",3,1,1,1,1
"Togo","TG",2023,AFR,0,0,1,0,1,29,0,,,,,,,,,1,0,0,17964,2235,171,170,118,1,52,1,1,1,0,0,0,1,1,0,,,,,,,,,,,,,,,,,,,,,,,,,,,90,90,1,90,3065,402,90,3133,3133,,1,2,0,2,0,,0,"",1,1,230,6,6,230,6,6,6,6,"",0,,,,,,,,,,,"",1,1,3,1,1
"Tokelau","TK",2023,WPR,1,0,0,42,0,,3,,,,,,,,,,,,,,,,,,,,,,,,,,,,,,,,,,,,,,,,,,,,,,,,,,,,,,,,,,,,,,,,,,,,,,,"",,,,,,,,,,,"",,,,,,,,,,,,"",,,,,
"Tonga","TO",2023,WPR,1,0,0,42,0,,0,,,,,,,,,,,,,,,,,,,,,,,,,,,,,,,,,,,,,,,,,,,,,,,,,,,,,,,,,,,,,,,,,,,,,,1,"Communicable Disease Section through the Annual Report for Ministry of Health include TB on the disease reported. Hence, access to these annual reports are available at the Toga MOH website.",1,1,230,230,230,230,230,230,230,230,"",0,,,,,,,,,,,"",0,0,0,0,0
"Trinidad and Tobago","TT",2023,AMR,1,0,0,0,1,12,3,,,,,,,,,0,1,0,2,1,2,0,1,1,0,0,0,0,0,0,,,,,,,,,,,,,,,,,,,,,,,,,,,,,,,,,,,,,,,,,,,,,,,0,"",0,,7,7,7,7,7,7,7,7,"",0,,,,,,,,,,,"",3,3,3,3,3
"Tunisia","TN",2023,EMR,0,0,0,0,0,,1,55,1,54,0,1,0,,,1,1,3,992,351,67,67,10,7,1,1,2,1,0,1,0,8,0,6,,,,,,,,,,,,,,,,,,,,,,,,,,,,,,,,,,,,,,,,,,,1,"",1,1,230,230,6,231,232,231,7,7,"",1,1,1,1,3114,1,3,,,3,0,"",1,1,3,0,0
"Türkiye","TR",2023,EUR,0,0,1,42,1,178,1,26,1,25,0,1,0,96,1381671,1,1,3,,,236,236,113,27,10,5,12,3,1,2,5,88,93,,,,,,,,,,,,,,,,,,,,,,,,,,,,81,81,0,,,,,,,,0,1,0,1,0,,1,"https://hsgm.saglik.gov.tr/depo/birimler/tuberkuloz-db/Dokumanlar/Raporlar/Turkiyede_Verem_Savasi_2021_Raporu.pdf",1,1,230,231,230,232,231,230,232,230,"Ministry of Foreign Affairs 
Advocacy, information, education, and communication are engaged with them",1,1,1,1,,1,1,,1,0,0,"",3,3,3,1,1
"Turkmenistan","TM",2023,EUR,0,0,1,,,,,,,,,,,,,,,,,,,,,,,,,,,,,,,,,,,,,,,,,,,,,,,,,,,,,,,,,,,,,,,,,,,,,,,,,,,"",,,,,,,,,,,"",,,,,,,,,,,,"",,,,,
"Turks and Caicos Islands","TC",2023,AMR,1,0,0,42,0,,0,,,,,,,,,0,1,0,0,0,2,0,0,0,0,0,0,0,0,0,0,0,1,0,,,,,,,,,,,,,,,,,,,,,,,,,,,,,,,,,,,,,,,,,,,0,"",0,,6,7,230,232,6,232,232,7,"",0,,,,,,,,,,,"",3,0,0,1,1
"Tuvalu","TV",2023,WPR,1,0,0,42,0,,0,,,,,,,,,,,,,,,,,,,,,,,,,,,,,,,,,,,,,,,,,,,,,,,,,,,,,,,,,,,,,,,,,,,,,,0,"",0,,6,6,230,7,6,230,230,6,"",1,1,1,1,,0,0,,,1,0,"None",0,0,0,0,0
"Uganda","UG",2023,AFR,0,1,1,43,1,1617,0,,,,,,,198,156331,1,0,0,741525,52781,1997,1997,2,351,27,27,2,2,2,2,73,24,300,332,1,1408524,1296160,1,132297,131968,0,,,0,,,District,146,60,0,6398,3021,1401211,1328250,265,692075,146,,18241,,146,146,1,146,86469,17882,146,74674,74674,65385,1,1,1,1,1,292000,1,"https://www.health.go.ug/resources/",1,1,230,230,230,230,231,232,232,231,"Office of the President in Awareness, Advocacy and a circular for Domestic Finance of TB at MDAs
Office of Prime Minister
",0,,,,,,,,,,,"",1,1,1,1,1
"Ukraine","UA",2023,EUR,0,1,1,42,1,526,0,,,,,,,156,488145,1,1,0,84803,11594,336,31,31,336,31,31,31,31,31,31,1,3,27,324,1,119697,95373,1,11771,11472,1,42420,40723,1,49496,30949,Область (регіон),25,25,25,842,842,111723,830480,336,84803,25,270,,,25,25,1,25,20058,1708,25,21071,12945,9406,1,1,1,1,1,324802,1,"https://eur05.safelinks.protection.outlook.com/?url=https%3A%2F%2Fwww.phc.org.ua%2Fkontrol-zakhvoryuvan%2Ftuberkuloz%2Finformaciyni-materiali-pro-tb&data=05%7C02%7Cl.prylepina%40phc.org.ua%7C1b15a704933348ee9cd408dc796a0217%7C4fe0b2fc30d5470f8e685d57",1,1,6,232,230,232,231,230,232,230,"",1,1,1,1,13083,1,0,,,1,1,"",1,1,1,1,1
"United Arab Emirates","AE",2023,EMR,1,0,0,44,1,1,0,,,,,,,,,,,,,,,,,,,,,,,,,,,,,,,,,,,,,,,,,,,,,,,,,,,,,,,,,,,,,,,,,,,,,,0,"",1,0,7,231,6,231,231,6,6,6,"",1,1,1,0,,,0,,,0,0,"Citizens in the United Arab Emirates, generally those who are unable to work or have income issues, whether they are patients or not, receive social support.",1,1,1,1,1
"United Kingdom of Great Britain and Northern Ireland","GB",2023,EUR,1,0,0,42,1,20,1,26,1,26,,,,,,1,1,3,,,,,,,,,,,,,,,,,,,,,,,,,,,,,,,,,,,,,,,,,,,,,,,,,,,,,,,,,,,1,"",,,,,,,,,,,"will come back to this",0,,,,,,,,,,,"",,,,,
"United Republic of Tanzania","TZ",2023,AFR,0,1,1,42,1,449,1,30,0,,,,,332,126925,1,1,0,252929,30772,1859,1859,6,341,5,5,0,1,1,1,54,33,8,293,1,1700000,981912,1,167713,167713,0,,,0,,,TB and Leprosy District,221,221,221,9257,9257,839575,1178496,279,252929,221,,14760,,221,221,1,221,92368,35893,218,99636,98198,94539,1,1,1,1,1,2033450,1,"https://ntlp.go.tz",1,1,230,231,231,230,230,230,232,230,"Ministry of Mineral -Advocacy, information, education, and communication",1,1,1,1,314,1,1,314,1,1,1,"DR-TB patients are provided with transport stipend.",1,1,1,1,1
"United States of America","US",2023,AMR,1,0,0,42,1,294,1,136,1,130,6,0,0,,,1,1,0,,,,,,40,10,8,53,12,1,2,,,58,40,,,,,,,,,,,,,,,,,,,,,,,,,,,,,,,,,,,,,,,,,,,1,"https://www.cdc.gov/tb/statistics/reports/2022/default.htm",1,1,231,231,6,6,231,231,7,6,"",0,,,,,,,,,,,"",0,0,0,0,0
"Uruguay","UY",2023,AMR,0,0,1,42,1,154,0,,,,,,,18,58968,1,1,0,7933,853,69,68,2,29,1,1,0,0,0,0,2,,69,0,0,,,0,,,1,14965,8683,0,,,Departamento,19,19,,,,,63360,,,,,,,42,0,1,0,0,0,0,0,0,0,0,0,0,0,0,,1,"",0,,6,6,230,231,231,6,232,6,"",1,1,1,1,1327,1,1,1059,1,1,1,"",1,0,0,1,0
"Uzbekistan","UZ",2023,EUR,0,1,1,0,0,,0,,,,,,,11,401700,1,0,0,92650,8412,284,284,8,97,26,26,7,7,7,7,0,2,97,2,0,,,0,,,0,,,0,,,район-Небольшая административно-территориальная ед,208,208,208,378,95,15499,10496,95,10496,208,97,,,253,,0,,,,,,,,1,1,0,1,0,,0,"",0,,6,6,230,232,230,230,232,6,"",1,1,1,1,,1,1,,1,1,1,"",1,3,0,0,0
"Vanuatu","VU",2023,WPR,0,0,1,42,0,,0,,,,,,,0,500,0,1,0,500,60,6,6,0,5,0,0,0,0,0,0,1,5,0,0,,,,,,,,,,,,,,,,,,,,,,,,,,,6,6,1,6,84,10,6,101,84,75,1,1,1,0,1,150000,0,"",0,,6,231,232,230,6,230,230,230,"",1,1,1,1,0,0,0,,,0,0,"",0,0,0,1,1
"Venezuela (Bolivarian Republic of)","VE",2023,AMR,0,0,1,44,1,817,1,2,0,,,,,165,150000,1,1,0,14913,4239,493,493,23,25,13,13,0,1,0,0,0,0,1,1,1,72917,69000,1,7324,5126,1,,13661,1,,156,AREA DE SALUD INTEGRAL COMUNITARIA,576,576,25,1222,1222,75950,33000,25,14913,498,23,,,572,344,0,,,,,,,,1,1,0,1,0,,0,"",1,1,7,231,231,7,231,6,232,7,"",1,1,1,0,,,0,,,1,1,"",1,0,0,1,1
"Viet Nam","VN",2023,WPR,0,1,1,44,1,1371,0,,,,,,,,,1,1,0,452279,87646,930,930,34,195,4,6,3,2,2,1,3,0,,,1,234220,,1,13455,,1,,157534,0,,,Basic Management Unit,705,427,185,,,1252571,594300,185,452279,705,,10237,23810,885,885,1,855,102437,,855,78935,,,1,1,2,2,1,672222,1,"https://drive.google.com/file/d/1fyMMHhLPsUa9grcDbygBaFR1skaRsU1X/view?usp=sharing",1,1,6,231,230,6,6,232,232,6,"N/A",0,,,,,,,,,,,"",0,0,0,0,0
"Wallis and Futuna","WF",2023,WPR,1,0,0,,,,,,,,,,,,,,,,,,,,,,,,,,,,,,,,,,,,,,,,,,,,,,,,,,,,,,,,,,,,,,,,,,,,,,,,,,,"",,,,,,,,,,,"",,,,,,,,,,,,"",,,,,
"Yemen","YE",2023,EMR,0,0,0,0,1,4,3,,,,,,,,,1,1,1,4957,1509,282,282,1,11,1,1,0,1,0,0,0,1,0,0,,,,,,,,,,,,,,,,,,,,,,,,,,,,,,,,,,,,,,,,,,,1,"",0,,6,231,230,6,6,6,6,6,"Ministry of interior engaged in TB prevention and care.",0,,,,,,,,,,,"",0,0,0,0,0
"Zambia","ZM",2023,AFR,0,1,1,43,1,504,0,,,,,,,329,,0,0,0,446820,28247,492,161,3,332,3,3,0,3,3,3,14,38,386,174,1,1273804,1211202,1,123948,95058,1,65408,48228,1,98529,74907,basic management Unit,116,80,116,2922,2922,504351,869760,332,446820,116,302,918,,116,116,0,,,,,,,,1,1,2,1,1,,1,"www.moh.gov.zm",1,1,230,231,230,230,230,230,230,230,"Ministry of Education 
conducted Advocacy, information, education and communication

The report to be shared via email for inclusion consideration in the MAF report for Zambia.",1,1,1,1,56,3,1,56,3,1,0,"",1,1,3,1,1
"Zimbabwe","ZW",2023,AFR,0,1,1,42,0,,0,,,,,,,947,66000,0,1,0,46340,10310,220,220,2,208,18,18,2,2,2,2,15,113,96,96,0,,,0,,,0,,,1,500000,40047,District,65,,,1727,1727,58939,622080,,46340,,,80,2742,1600,1600,1,1600,19207,2741,1600,18555,18555,16459,1,1,1,1,1,,1,"",1,1,230,231,230,230,230,230,232,6,"",1,1,1,1,804,1,1,1170,1,1,1,"",1,1,0,1,1
